53, 3.18. 00시 기준 1.3 이후 누계,서울,270,(+5),http://ncov.mohw.go.kr/,2020-03-19 오전 10:01:08
54, 3.18. 00시 기준 1.3 이후 누계,부산,107,0,http://ncov.mohw.go.kr/,2020-03-19 오전 10:04:25
55, 3.18. 00시 기준 1.3 이후 누계,대구,"6,144",(+46),http://ncov.mohw.go.kr/,2020-03-19 오전 10:04:29
56, 3.18. 00시 기준 1.3 이후 누계,인천,32,(+1),http://ncov.mohw.go.kr/,2020-03-19 오전 10:04:31
57, 3.18. 00시 기준 1.3 이후 누계,광주,17,(+1),http://ncov.mohw.go.kr/,2020-03-19 오전 10:04:33
58, 3.18. 00시 기준 1.3 이후 누계,대전,22,0,http://ncov.mohw.go.kr/,2020-03-19 오전 10:04:35
59, 3.18. 00시 기준 1.3 이후 누계,울산,30,(+2),http://ncov.mohw.go.kr/,2020-03-19 오전 10:04:37
60, 3.18. 00시 기준 1.3 이후 누계,세종,41,(+1),http://ncov.mohw.go.kr/,2020-03-19 오전 10:04:40
61, 3.18. 00시 기준 1.3 이후 누계,경기,277,(+15),http://ncov.mohw.go.kr/,2020-03-19 오전 10:04:42
62, 3.18. 00시 기준 1.3 이후 누계,강원,30,(+1),http://ncov.mohw.go.kr/,2020-03-19 오전 10:04:44
63, 3.18. 00시 기준 1.3 이후 누계,충북,32,(+1),http://ncov.mohw.go.kr/,2020-03-19 오전 10:04:46
64, 3.18. 00시 기준 1.3 이후 누계,충남,118,(+3),http://ncov.mohw.go.kr/,2020-03-19 오전 10:04:49
65, 3.18. 00시 기준 1.3 이후 누계,전북,9,(+2),http://ncov.mohw.go.kr/,2020-03-19 오전 10:04:51
66, 3.18. 00시 기준 1.3 이후 누계,전남,5,(+1),http://ncov.mohw.go.kr/,2020-03-19 오전 10:04:53
67, 3.18. 00시 기준 1.3 이후 누계,경북,"1,178",(+9),http://ncov.mohw.go.kr/,2020-03-19 오전 10:04:56
68, 3.18. 00시 기준 1.3 이후 누계,경남,86,0,http://ncov.mohw.go.kr/,2020-03-19 오전 10:04:58
69, 3.19. 00시 기준 1.3 이후 누계,서울,282,(+12),http://ncov.mohw.go.kr/,2020-03-19 오전 10:46:46
70, 3.19. 00시 기준 1.3 이후 누계,부산,107,0,http://ncov.mohw.go.kr/,2020-03-19 오전 10:46:48
71, 3.19. 00시 기준 1.3 이후 누계,대구,"6,241",(+97),http://ncov.mohw.go.kr/,2020-03-19 오전 10:46:51
72, 3.19. 00시 기준 1.3 이후 누계,인천,32,0,http://ncov.mohw.go.kr/,2020-03-19 오전 10:46:53
73, 3.19. 00시 기준 1.3 이후 누계,광주,17,0,http://ncov.mohw.go.kr/,2020-03-19 오전 10:46:56
74, 3.19. 00시 기준 1.3 이후 누계,대전,22,0,http://ncov.mohw.go.kr/,2020-03-19 오전 10:46:58
75, 3.19. 00시 기준 1.3 이후 누계,울산,36,(+6),http://ncov.mohw.go.kr/,2020-03-19 오전 10:47:00
76, 3.19. 00시 기준 1.3 이후 누계,세종,41,0,http://ncov.mohw.go.kr/,2020-03-19 오전 10:47:03
77, 3.19. 00시 기준 1.3 이후 누계,경기,295,(+18),http://ncov.mohw.go.kr/,2020-03-19 오전 10:47:05
78, 3.19. 00시 기준 1.3 이후 누계,강원,30,0,http://ncov.mohw.go.kr/,2020-03-19 오전 10:47:07
79, 3.19. 00시 기준 1.3 이후 누계,충북,33,(+1),http://ncov.mohw.go.kr/,2020-03-19 오전 10:47:10
80, 3.19. 00시 기준 1.3 이후 누계,충남,118,0,http://ncov.mohw.go.kr/,2020-03-19 오전 10:47:12
81, 3.19. 00시 기준 1.3 이후 누계,전북,10,(+1),http://ncov.mohw.go.kr/,2020-03-19 오전 10:47:15
82, 3.19. 00시 기준 1.3 이후 누계,전남,5,0,http://ncov.mohw.go.kr/,2020-03-19 오전 10:47:18
83, 3.19. 00시 기준 1.3 이후 누계,경북,"1,190",(+12),http://ncov.mohw.go.kr/,2020-03-19 오전 10:47:20
84, 3.19. 00시 기준 1.3 이후 누계,경남,86,0,http://ncov.mohw.go.kr/,2020-03-19 오전 10:47:22
85, 3.20. 00시 기준 1.3 이후 누계,서울,299,(+17),http://ncov.mohw.go.kr/,2020-03-20 오전 10:46:48
86, 3.20. 00시 기준 1.3 이후 누계,부산,108,(+1),http://ncov.mohw.go.kr/,2020-03-20 오전 10:46:50
87, 3.20. 00시 기준 1.3 이후 누계,대구,"6,275",(+34),http://ncov.mohw.go.kr/,2020-03-20 오전 10:46:53
88, 3.20. 00시 기준 1.3 이후 누계,인천,36,(+4),http://ncov.mohw.go.kr/,2020-03-20 오전 10:46:55
89, 3.20. 00시 기준 1.3 이후 누계,광주,18,(+1),http://ncov.mohw.go.kr/,2020-03-20 오전 10:46:57
90, 3.20. 00시 기준 1.3 이후 누계,대전,22,0,http://ncov.mohw.go.kr/,2020-03-20 오전 10:46:59
91, 3.20. 00시 기준 1.3 이후 누계,울산,36,0,http://ncov.mohw.go.kr/,2020-03-20 오전 10:47:01
92, 3.20. 00시 기준 1.3 이후 누계,세종,41,0,http://ncov.mohw.go.kr/,2020-03-20 오전 10:47:03
93, 3.20. 00시 기준 1.3 이후 누계,경기,309,(+14),http://ncov.mohw.go.kr/,2020-03-20 오전 10:47:05
94, 3.20. 00시 기준 1.3 이후 누계,강원,30,0,http://ncov.mohw.go.kr/,2020-03-20 오전 10:47:07
95, 3.20. 00시 기준 1.3 이후 누계,충북,33,0,http://ncov.mohw.go.kr/,2020-03-20 오전 10:47:09
96, 3.20. 00시 기준 1.3 이후 누계,충남,119,(+1),http://ncov.mohw.go.kr/,2020-03-20 오전 10:47:11
97, 3.20. 00시 기준 1.3 이후 누계,전북,10,0,http://ncov.mohw.go.kr/,2020-03-20 오전 10:47:13
98, 3.20. 00시 기준 1.3 이후 누계,전남,5,0,http://ncov.mohw.go.kr/,2020-03-20 오전 10:47:16
99, 3.20. 00시 기준 1.3 이후 누계,경북,"1,203",(+13),http://ncov.mohw.go.kr/,2020-03-20 오전 10:47:18
100, 3.20. 00시 기준 1.3 이후 누계,경남,87,(+1),http://ncov.mohw.go.kr/,2020-03-20 오전 10:47:20
101, 3.21. 00시 기준 1.3 이후 누계,서울,314,(+15),http://ncov.mohw.go.kr/,2020-03-21 오전 11:46:48
102, 3.21. 00시 기준 1.3 이후 누계,부산,108,0,http://ncov.mohw.go.kr/,2020-03-21 오전 11:46:50
103, 3.21. 00시 기준 1.3 이후 누계,대구,"6,344",(+69),http://ncov.mohw.go.kr/,2020-03-21 오전 11:46:53
104, 3.21. 00시 기준 1.3 이후 누계,인천,40,(+4),http://ncov.mohw.go.kr/,2020-03-21 오전 11:46:54
105, 3.21. 00시 기준 1.3 이후 누계,광주,18,0,http://ncov.mohw.go.kr/,2020-03-21 오전 11:46:56
106, 3.21. 00시 기준 1.3 이후 누계,대전,22,0,http://ncov.mohw.go.kr/,2020-03-21 오전 11:46:58
107, 3.21. 00시 기준 1.3 이후 누계,울산,36,0,http://ncov.mohw.go.kr/,2020-03-21 오전 11:47:00
108, 3.21. 00시 기준 1.3 이후 누계,세종,41,0,http://ncov.mohw.go.kr/,2020-03-21 오전 11:47:02
109, 3.21. 00시 기준 1.3 이후 누계,경기,321,(+12),http://ncov.mohw.go.kr/,2020-03-21 오전 11:47:03
110, 3.21. 00시 기준 1.3 이후 누계,강원,30,0,http://ncov.mohw.go.kr/,2020-03-21 오전 11:47:05
111, 3.21. 00시 기준 1.3 이후 누계,충북,34,(+1),http://ncov.mohw.go.kr/,2020-03-21 오전 11:47:07
112, 3.21. 00시 기준 1.3 이후 누계,충남,119,0,http://ncov.mohw.go.kr/,2020-03-21 오전 11:47:09
113, 3.21. 00시 기준 1.3 이후 누계,전북,10,0,http://ncov.mohw.go.kr/,2020-03-21 오전 11:47:11
114, 3.21. 00시 기준 1.3 이후 누계,전남,5,0,http://ncov.mohw.go.kr/,2020-03-21 오전 11:47:13
115, 3.21. 00시 기준 1.3 이후 누계,경북,"1,243",(+40),http://ncov.mohw.go.kr/,2020-03-21 오전 11:47:15
116, 3.21. 00시 기준 1.3 이후 누계,경남,87,0,http://ncov.mohw.go.kr/,2020-03-21 오전 11:47:17
117, 3.22. 00시 기준 1.3 이후 누계,서울,324,(+10),http://ncov.mohw.go.kr/,2020-03-22 오전 10:46:51
118, 3.22. 00시 기준 1.3 이후 누계,부산,108,0,http://ncov.mohw.go.kr/,2020-03-22 오전 10:46:53
119, 3.22. 00시 기준 1.3 이후 누계,대구,"6,387",(+43),http://ncov.mohw.go.kr/,2020-03-22 오전 10:46:55
120, 3.22. 00시 기준 1.3 이후 누계,인천,40,0,http://ncov.mohw.go.kr/,2020-03-22 오전 10:46:57
121, 3.22. 00시 기준 1.3 이후 누계,광주,19,(+1),http://ncov.mohw.go.kr/,2020-03-22 오전 10:46:59
122, 3.22. 00시 기준 1.3 이후 누계,대전,24,(+2),http://ncov.mohw.go.kr/,2020-03-22 오전 10:47:02
123, 3.22. 00시 기준 1.3 이후 누계,울산,36,0,http://ncov.mohw.go.kr/,2020-03-22 오전 10:47:04
124, 3.22. 00시 기준 1.3 이후 누계,세종,41,0,http://ncov.mohw.go.kr/,2020-03-22 오전 10:47:06
125, 3.22. 00시 기준 1.3 이후 누계,경기,337,(+16),http://ncov.mohw.go.kr/,2020-03-22 오전 10:47:08
126, 3.22. 00시 기준 1.3 이후 누계,강원,30,0,http://ncov.mohw.go.kr/,2020-03-22 오전 10:47:10
127, 3.22. 00시 기준 1.3 이후 누계,충북,35,(+1),http://ncov.mohw.go.kr/,2020-03-22 오전 10:47:12
128, 3.22. 00시 기준 1.3 이후 누계,충남,120,(+1),http://ncov.mohw.go.kr/,2020-03-22 오전 10:47:14
129, 3.22. 00시 기준 1.3 이후 누계,전북,10,0,http://ncov.mohw.go.kr/,2020-03-22 오전 10:47:16
130, 3.22. 00시 기준 1.3 이후 누계,전남,6,(+1),http://ncov.mohw.go.kr/,2020-03-22 오전 10:47:18
131, 3.22. 00시 기준 1.3 이후 누계,경북,"1,254",(+11),http://ncov.mohw.go.kr/,2020-03-22 오전 10:47:20
132, 3.22. 00시 기준 1.3 이후 누계,경남,88,(+1),http://ncov.mohw.go.kr/,2020-03-22 오전 10:47:22
133, 3.23. 00시 기준 1.3 이후 누계,서울,330,(+6),http://ncov.mohw.go.kr/,2020-03-23 오전 10:46:47
134, 3.23. 00시 기준 1.3 이후 누계,부산,109,(+1),http://ncov.mohw.go.kr/,2020-03-23 오전 10:46:50
135, 3.23. 00시 기준 1.3 이후 누계,대구,"6,411",(+24),http://ncov.mohw.go.kr/,2020-03-23 오전 10:46:53
136, 3.23. 00시 기준 1.3 이후 누계,인천,40,0,http://ncov.mohw.go.kr/,2020-03-23 오전 10:46:55
137, 3.23. 00시 기준 1.3 이후 누계,광주,19,0,http://ncov.mohw.go.kr/,2020-03-23 오전 10:46:57
138, 3.23. 00시 기준 1.3 이후 누계,대전,24,0,http://ncov.mohw.go.kr/,2020-03-23 오전 10:46:59
139, 3.23. 00시 기준 1.3 이후 누계,울산,36,0,http://ncov.mohw.go.kr/,2020-03-23 오전 10:47:01
140, 3.23. 00시 기준 1.3 이후 누계,세종,42,(+1),http://ncov.mohw.go.kr/,2020-03-23 오전 10:47:04
141, 3.23. 00시 기준 1.3 이후 누계,경기,351,(+14),http://ncov.mohw.go.kr/,2020-03-23 오전 10:47:07
142, 3.23. 00시 기준 1.3 이후 누계,강원,30,0,http://ncov.mohw.go.kr/,2020-03-23 오전 10:47:10
143, 3.23. 00시 기준 1.3 이후 누계,충북,37,(+2),http://ncov.mohw.go.kr/,2020-03-23 오전 10:47:12
144, 3.23. 00시 기준 1.3 이후 누계,충남,120,0,http://ncov.mohw.go.kr/,2020-03-23 오전 10:47:14
145, 3.23. 00시 기준 1.3 이후 누계,전북,10,0,http://ncov.mohw.go.kr/,2020-03-23 오전 10:47:17
146, 3.23. 00시 기준 1.3 이후 누계,전남,6,0,http://ncov.mohw.go.kr/,2020-03-23 오전 10:47:19
147, 3.23. 00시 기준 1.3 이후 누계,경북,"1,256",(+2),http://ncov.mohw.go.kr/,2020-03-23 오전 10:47:21
148, 3.23. 00시 기준 1.3 이후 누계,경남,89,(+1),http://ncov.mohw.go.kr/,2020-03-23 오전 10:47:24
166, 3.24. 00시 기준 1.3 이후 누계,서울,334,(+4),http://ncov.mohw.go.kr/,2020-03-24 오후 3:46:44
167, 3.24. 00시 기준 1.3 이후 누계,부산,111,(+2),http://ncov.mohw.go.kr/,2020-03-24 오후 3:46:50
168, 3.24. 00시 기준 1.3 이후 누계,대구,"6,442",(+31),http://ncov.mohw.go.kr/,2020-03-24 오후 3:46:53
169, 3.24. 00시 기준 1.3 이후 누계,인천,41,(+1),http://ncov.mohw.go.kr/,2020-03-24 오후 3:46:57
170, 3.24. 00시 기준 1.3 이후 누계,광주,19,0,http://ncov.mohw.go.kr/,2020-03-24 오후 3:47:01
171, 3.24. 00시 기준 1.3 이후 누계,대전,24,0,http://ncov.mohw.go.kr/,2020-03-24 오후 3:47:04
172, 3.24. 00시 기준 1.3 이후 누계,울산,36,0,http://ncov.mohw.go.kr/,2020-03-24 오후 3:47:08
173, 3.24. 00시 기준 1.3 이후 누계,세종,42,0,http://ncov.mohw.go.kr/,2020-03-24 오후 3:47:11
174, 3.24. 00시 기준 1.3 이후 누계,경기,366,(+15),http://ncov.mohw.go.kr/,2020-03-24 오후 3:47:14
175, 3.24. 00시 기준 1.3 이후 누계,강원,30,0,http://ncov.mohw.go.kr/,2020-03-24 오후 3:47:17
176, 3.24. 00시 기준 1.3 이후 누계,충북,38,(+1),http://ncov.mohw.go.kr/,2020-03-24 오후 3:47:20
177, 3.24. 00시 기준 1.3 이후 누계,충남,120,0,http://ncov.mohw.go.kr/,2020-03-24 오후 3:47:23
178, 3.24. 00시 기준 1.3 이후 누계,전북,10,0,http://ncov.mohw.go.kr/,2020-03-24 오후 3:47:26
179, 3.24. 00시 기준 1.3 이후 누계,전남,6,0,http://ncov.mohw.go.kr/,2020-03-24 오후 3:47:30
180, 3.24. 00시 기준 1.3 이후 누계,경북,"1,257",(+1),http://ncov.mohw.go.kr/,2020-03-24 오후 3:47:33
181, 3.24. 00시 기준 1.3 이후 누계,경남,90,(+1),http://ncov.mohw.go.kr/,2020-03-24 오후 3:47:37
182, 3.25. 00시 기준 1.3 이후 누계,서울,347,(+13),http://ncov.mohw.go.kr/,2020-03-25 오전 10:46:50
183, 3.25. 00시 기준 1.3 이후 누계,부산,112,(+1),http://ncov.mohw.go.kr/,2020-03-25 오전 10:46:55
184, 3.25. 00시 기준 1.3 이후 누계,대구,"6,456",(+14),http://ncov.mohw.go.kr/,2020-03-25 오전 10:46:59
185, 3.25. 00시 기준 1.3 이후 누계,인천,42,(+1),http://ncov.mohw.go.kr/,2020-03-25 오전 10:47:03
186, 3.25. 00시 기준 1.3 이후 누계,광주,19,0,http://ncov.mohw.go.kr/,2020-03-25 오전 10:47:07
187, 3.25. 00시 기준 1.3 이후 누계,대전,24,0,http://ncov.mohw.go.kr/,2020-03-25 오전 10:47:11
188, 3.25. 00시 기준 1.3 이후 누계,울산,37,(+1),http://ncov.mohw.go.kr/,2020-03-25 오전 10:47:14
189, 3.25. 00시 기준 1.3 이후 누계,세종,44,(+2),http://ncov.mohw.go.kr/,2020-03-25 오전 10:47:18
190, 3.25. 00시 기준 1.3 이후 누계,경기,387,(+21),http://ncov.mohw.go.kr/,2020-03-25 오전 10:47:22
191, 3.25. 00시 기준 1.3 이후 누계,강원,31,(+1),http://ncov.mohw.go.kr/,2020-03-25 오전 10:47:26
192, 3.25. 00시 기준 1.3 이후 누계,충북,38,0,http://ncov.mohw.go.kr/,2020-03-25 오전 10:47:29
193, 3.25. 00시 기준 1.3 이후 누계,충남,123,(+3),http://ncov.mohw.go.kr/,2020-03-25 오전 10:47:33
194, 3.25. 00시 기준 1.3 이후 누계,전북,10,0,http://ncov.mohw.go.kr/,2020-03-25 오전 10:47:36
195, 3.25. 00시 기준 1.3 이후 누계,전남,8,(+2),http://ncov.mohw.go.kr/,2020-03-25 오전 10:47:41
196, 3.25. 00시 기준 1.3 이후 누계,경북,"1,262",(+5),http://ncov.mohw.go.kr/,2020-03-25 오전 10:47:44
197, 3.25. 00시 기준 1.3 이후 누계,경남,90,0,http://ncov.mohw.go.kr/,2020-03-25 오전 10:47:48
198, 3.26. 00시 기준 1.3 이후 누계,서울,360,(+13),http://ncov.mohw.go.kr/,2020-03-26 오전 2:46:47
199, 3.26. 00시 기준 1.3 이후 누계,부산,112,0,http://ncov.mohw.go.kr/,2020-03-26 오전 2:46:51
200, 3.26. 00시 기준 1.3 이후 누계,대구,"6,482",(+26),http://ncov.mohw.go.kr/,2020-03-26 오전 2:46:54
201, 3.26. 00시 기준 1.3 이후 누계,인천,43,(+1),http://ncov.mohw.go.kr/,2020-03-26 오전 2:46:58
202, 3.26. 00시 기준 1.3 이후 누계,광주,19,0,http://ncov.mohw.go.kr/,2020-03-26 오전 2:47:01
203, 3.26. 00시 기준 1.3 이후 누계,대전,30,(+6),http://ncov.mohw.go.kr/,2020-03-26 오전 2:47:04
204, 3.26. 00시 기준 1.3 이후 누계,울산,37,0,http://ncov.mohw.go.kr/,2020-03-26 오전 2:47:07
205, 3.26. 00시 기준 1.3 이후 누계,세종,44,0,http://ncov.mohw.go.kr/,2020-03-26 오전 2:47:10
206, 3.26. 00시 기준 1.3 이후 누계,경기,401,(+14),http://ncov.mohw.go.kr/,2020-03-26 오전 2:47:16
207, 3.26. 00시 기준 1.3 이후 누계,강원,31,0,http://ncov.mohw.go.kr/,2020-03-26 오전 2:47:18
208, 3.26. 00시 기준 1.3 이후 누계,충북,39,(+1),http://ncov.mohw.go.kr/,2020-03-26 오전 2:47:22
209, 3.26. 00시 기준 1.3 이후 누계,충남,124,(+1),http://ncov.mohw.go.kr/,2020-03-26 오전 2:47:25
210, 3.26. 00시 기준 1.3 이후 누계,전북,10,0,http://ncov.mohw.go.kr/,2020-03-26 오전 2:47:28
211, 3.26. 00시 기준 1.3 이후 누계,전남,8,0,http://ncov.mohw.go.kr/,2020-03-26 오전 2:47:31
212, 3.26. 00시 기준 1.3 이후 누계,경북,"1,274",(+12),http://ncov.mohw.go.kr/,2020-03-26 오전 2:47:34
213, 3.26. 00시 기준 1.3 이후 누계,경남,90,0,http://ncov.mohw.go.kr/,2020-03-26 오전 2:47:38
214, 3.27. 00시 기준 1.3 이후 누계,서울,372,(+12),http://ncov.mohw.go.kr/,2020-03-27 오전 1:46:47
215, 3.27. 00시 기준 1.3 이후 누계,부산,113,(+1),http://ncov.mohw.go.kr/,2020-03-27 오전 1:46:51
216, 3.27. 00시 기준 1.3 이후 누계,대구,"6,516",(+34),http://ncov.mohw.go.kr/,2020-03-27 오전 1:46:54
217, 3.27. 00시 기준 1.3 이후 누계,인천,46,(+3),http://ncov.mohw.go.kr/,2020-03-27 오전 1:46:58
218, 3.27. 00시 기준 1.3 이후 누계,광주,20,(+1),http://ncov.mohw.go.kr/,2020-03-27 오전 1:47:01
219, 3.27. 00시 기준 1.3 이후 누계,대전,31,(+1),http://ncov.mohw.go.kr/,2020-03-27 오전 1:47:05
220, 3.27. 00시 기준 1.3 이후 누계,울산,39,(+2),http://ncov.mohw.go.kr/,2020-03-27 오전 1:47:08
221, 3.27. 00시 기준 1.3 이후 누계,세종,44,0,http://ncov.mohw.go.kr/,2020-03-27 오전 1:47:11
222, 3.27. 00시 기준 1.3 이후 누계,경기,412,(+11),http://ncov.mohw.go.kr/,2020-03-27 오전 1:47:14
223, 3.27. 00시 기준 1.3 이후 누계,강원,31,0,http://ncov.mohw.go.kr/,2020-03-27 오전 1:47:17
224, 3.27. 00시 기준 1.3 이후 누계,충북,41,(+2),http://ncov.mohw.go.kr/,2020-03-27 오전 1:47:21
225, 3.27. 00시 기준 1.3 이후 누계,충남,124,0,http://ncov.mohw.go.kr/,2020-03-27 오전 1:47:24
226, 3.27. 00시 기준 1.3 이후 누계,전북,10,0,http://ncov.mohw.go.kr/,2020-03-27 오전 1:47:27
227, 3.27. 00시 기준 1.3 이후 누계,전남,8,0,http://ncov.mohw.go.kr/,2020-03-27 오전 1:47:30
228, 3.27. 00시 기준 1.3 이후 누계,경북,"1,283",(+9),http://ncov.mohw.go.kr/,2020-03-27 오전 1:47:34
229, 3.27. 00시 기준 1.3 이후 누계,경남,91,(+1),http://ncov.mohw.go.kr/,2020-03-27 오전 1:47:39
230, 03.28. 00시 기준 1.3 이후 누계,서울,390,(+18),http://ncov.mohw.go.kr/,2020-03-28 오전 1:46:49
231, 03.28. 00시 기준 1.3 이후 누계,부산,114,(+1),http://ncov.mohw.go.kr/,2020-03-28 오전 1:46:54
232, 03.28. 00시 기준 1.3 이후 누계,대구,"6,587",(+71),http://ncov.mohw.go.kr/,2020-03-28 오전 1:46:57
233, 03.28. 00시 기준 1.3 이후 누계,인천,51,(+5),http://ncov.mohw.go.kr/,2020-03-28 오전 1:47:01
234, 03.28. 00시 기준 1.3 이후 누계,광주,20,0,http://ncov.mohw.go.kr/,2020-03-28 오전 1:47:04
235, 03.28. 00시 기준 1.3 이후 누계,대전,31,0,http://ncov.mohw.go.kr/,2020-03-28 오전 1:47:08
236, 03.28. 00시 기준 1.3 이후 누계,울산,39,0,http://ncov.mohw.go.kr/,2020-03-28 오전 1:47:12
237, 03.28. 00시 기준 1.3 이후 누계,세종,44,0,http://ncov.mohw.go.kr/,2020-03-28 오전 1:47:16
238, 03.28. 00시 기준 1.3 이후 누계,경기,433,(+21),http://ncov.mohw.go.kr/,2020-03-28 오전 1:47:19
239, 03.28. 00시 기준 1.3 이후 누계,강원,32,(+1),http://ncov.mohw.go.kr/,2020-03-28 오전 1:47:23
240, 03.28. 00시 기준 1.3 이후 누계,충북,41,0,http://ncov.mohw.go.kr/,2020-03-28 오전 1:47:27
241, 03.28. 00시 기준 1.3 이후 누계,충남,126,(+2),http://ncov.mohw.go.kr/,2020-03-28 오전 1:47:30
242, 03.28. 00시 기준 1.3 이후 누계,전북,10,0,http://ncov.mohw.go.kr/,2020-03-28 오전 1:47:33
243, 03.28. 00시 기준 1.3 이후 누계,전남,8,0,http://ncov.mohw.go.kr/,2020-03-28 오전 1:47:37
244, 03.28. 00시 기준 1.3 이후 누계,경북,"1,285",(+2),http://ncov.mohw.go.kr/,2020-03-28 오전 1:47:41
245, 03.28. 00시 기준 1.3 이후 누계,경남,91,0,http://ncov.mohw.go.kr/,2020-03-28 오전 1:47:44
246, 03.29. 00시 기준 1.3 이후 누계,서울,410,(+20),http://ncov.mohw.go.kr/,2020-03-29 오전 2:46:57
247, 03.29. 00시 기준 1.3 이후 누계,부산,117,(+3),http://ncov.mohw.go.kr/,2020-03-29 오전 2:47:02
248, 03.29. 00시 기준 1.3 이후 누계,대구,"6,610",(+23),http://ncov.mohw.go.kr/,2020-03-29 오전 2:47:06
249, 03.29. 00시 기준 1.3 이후 누계,인천,58,(+7),http://ncov.mohw.go.kr/,2020-03-29 오전 2:47:09
250, 03.29. 00시 기준 1.3 이후 누계,광주,20,0,http://ncov.mohw.go.kr/,2020-03-29 오전 2:47:13
251, 03.29. 00시 기준 1.3 이후 누계,대전,34,(+3),http://ncov.mohw.go.kr/,2020-03-29 오전 2:47:17
252, 03.29. 00시 기준 1.3 이후 누계,울산,39,0,http://ncov.mohw.go.kr/,2020-03-29 오전 2:47:21
253, 03.29. 00시 기준 1.3 이후 누계,세종,46,(+2),http://ncov.mohw.go.kr/,2020-03-29 오전 2:47:24
254, 03.29. 00시 기준 1.3 이후 누계,경기,448,(+15),http://ncov.mohw.go.kr/,2020-03-29 오전 2:47:28
255, 03.29. 00시 기준 1.3 이후 누계,강원,34,(+2),http://ncov.mohw.go.kr/,2020-03-29 오전 2:47:32
256, 03.29. 00시 기준 1.3 이후 누계,충북,41,0,http://ncov.mohw.go.kr/,2020-03-29 오전 2:47:36
257, 03.29. 00시 기준 1.3 이후 누계,충남,127,(+1),http://ncov.mohw.go.kr/,2020-03-29 오전 2:47:39
258, 03.29. 00시 기준 1.3 이후 누계,전북,12,(+2),http://ncov.mohw.go.kr/,2020-03-29 오전 2:47:45
259, 03.29. 00시 기준 1.3 이후 누계,전남,9,(+1),http://ncov.mohw.go.kr/,2020-03-29 오전 2:47:48
260, 03.29. 00시 기준 1.3 이후 누계,경북,"1,287",(+2),http://ncov.mohw.go.kr/,2020-03-29 오전 2:47:52
261, 03.29. 00시 기준 1.3 이후 누계,경남,94,(+3),http://ncov.mohw.go.kr/,2020-03-29 오전 2:47:55
262, 03.30. 00시 기준 1.3 이후 누계,서울,426,(+16),http://ncov.mohw.go.kr/,2020-03-30 오전 1:46:45
263, 03.30. 00시 기준 1.3 이후 누계,부산,118,(+1),http://ncov.mohw.go.kr/,2020-03-30 오전 1:46:49
264, 03.30. 00시 기준 1.3 이후 누계,대구,"6,624",(+14),http://ncov.mohw.go.kr/,2020-03-30 오전 1:46:53
265, 03.30. 00시 기준 1.3 이후 누계,인천,58,0,http://ncov.mohw.go.kr/,2020-03-30 오전 1:46:57
266, 03.30. 00시 기준 1.3 이후 누계,광주,20,0,http://ncov.mohw.go.kr/,2020-03-30 오전 1:47:01
267, 03.30. 00시 기준 1.3 이후 누계,대전,34,0,http://ncov.mohw.go.kr/,2020-03-30 오전 1:47:06
268, 03.30. 00시 기준 1.3 이후 누계,울산,39,0,http://ncov.mohw.go.kr/,2020-03-30 오전 1:47:10
269, 03.30. 00시 기준 1.3 이후 누계,세종,46,0,http://ncov.mohw.go.kr/,2020-03-30 오전 1:47:14
270, 03.30. 00시 기준 1.3 이후 누계,경기,463,(+15),http://ncov.mohw.go.kr/,2020-03-30 오전 1:47:21
271, 03.30. 00시 기준 1.3 이후 누계,강원,36,(+2),http://ncov.mohw.go.kr/,2020-03-30 오전 1:47:25
272, 03.30. 00시 기준 1.3 이후 누계,충북,44,(+3),http://ncov.mohw.go.kr/,2020-03-30 오전 1:47:29
273, 03.30. 00시 기준 1.3 이후 누계,충남,127,0,http://ncov.mohw.go.kr/,2020-03-30 오전 1:47:32
274, 03.30. 00시 기준 1.3 이후 누계,전북,13,(+1),http://ncov.mohw.go.kr/,2020-03-30 오전 1:47:36
275, 03.30. 00시 기준 1.3 이후 누계,전남,9,0,http://ncov.mohw.go.kr/,2020-03-30 오전 1:47:40
276, 03.30. 00시 기준 1.3 이후 누계,경북,"1,298",(+11),http://ncov.mohw.go.kr/,2020-03-30 오전 1:47:44
277, 03.30. 00시 기준 1.3 이후 누계,경남,95,(+1),http://ncov.mohw.go.kr/,2020-03-30 오전 1:47:47
278, 04.13. 00시 기준 1.3 이후 누계,서울,610,(+8),http://ncov.mohw.go.kr/,2020-04-13 오후 12:14:26
279, 04.13. 00시 기준 1.3 이후 누계,부산,126,0,http://ncov.mohw.go.kr/,2020-04-13 오후 12:16:26
280, 04.13. 00시 기준 1.3 이후 누계,대구,"6,819",(+3),http://ncov.mohw.go.kr/,2020-04-13 오후 12:16:31
281, 04.13. 00시 기준 1.3 이후 누계,인천,87,(+1),http://ncov.mohw.go.kr/,2020-04-13 오후 12:16:33
282, 04.13. 00시 기준 1.3 이후 누계,광주,27,0,http://ncov.mohw.go.kr/,2020-04-13 오후 12:16:36
283, 04.13. 00시 기준 1.3 이후 누계,대전,39,0,http://ncov.mohw.go.kr/,2020-04-13 오후 12:16:38
284, 04.13. 00시 기준 1.3 이후 누계,울산,41,0,http://ncov.mohw.go.kr/,2020-04-13 오후 12:16:41
285, 04.13. 00시 기준 1.3 이후 누계,세종,46,0,http://ncov.mohw.go.kr/,2020-04-13 오후 12:16:44
286, 04.13. 00시 기준 1.3 이후 누계,경기,631,(+3),http://ncov.mohw.go.kr/,2020-04-13 오후 12:16:46
287, 04.13. 00시 기준 1.3 이후 누계,강원,49,0,http://ncov.mohw.go.kr/,2020-04-13 오후 12:16:49
288, 04.13. 00시 기준 1.3 이후 누계,충북,45,0,http://ncov.mohw.go.kr/,2020-04-13 오후 12:16:51
289, 04.13. 00시 기준 1.3 이후 누계,충남,139,0,http://ncov.mohw.go.kr/,2020-04-13 오후 12:16:54
290, 04.13. 00시 기준 1.3 이후 누계,전북,17,0,http://ncov.mohw.go.kr/,2020-04-13 오후 12:16:56
291, 04.13. 00시 기준 1.3 이후 누계,전남,15,0,http://ncov.mohw.go.kr/,2020-04-13 오후 12:16:59
292, 04.13. 00시 기준 1.3 이후 누계,경북,"1,337",(+4),http://ncov.mohw.go.kr/,2020-04-13 오후 12:17:02
293, 04.13. 00시 기준 1.3 이후 누계,경남,115,0,http://ncov.mohw.go.kr/,2020-04-13 오후 12:17:04
294, 04.14. 00시 기준 1.3 이후 누계,서울,612,(+2),http://ncov.mohw.go.kr/,2020-04-14 오전 2:46:45
295, 04.14. 00시 기준 1.3 이후 누계,부산,126,0,http://ncov.mohw.go.kr/,2020-04-14 오전 2:46:49
296, 04.14. 00시 기준 1.3 이후 누계,대구,"6,822",(+3),http://ncov.mohw.go.kr/,2020-04-14 오전 2:46:51
297, 04.14. 00시 기준 1.3 이후 누계,인천,88,(+1),http://ncov.mohw.go.kr/,2020-04-14 오전 2:46:53
298, 04.14. 00시 기준 1.3 이후 누계,광주,27,0,http://ncov.mohw.go.kr/,2020-04-14 오전 2:46:56
299, 04.14. 00시 기준 1.3 이후 누계,대전,39,0,http://ncov.mohw.go.kr/,2020-04-14 오전 2:46:58
300, 04.14. 00시 기준 1.3 이후 누계,울산,42,(+1),http://ncov.mohw.go.kr/,2020-04-14 오전 2:47:00
301, 04.14. 00시 기준 1.3 이후 누계,세종,46,0,http://ncov.mohw.go.kr/,2020-04-14 오전 2:47:02
302, 04.14. 00시 기준 1.3 이후 누계,경기,639,(+8),http://ncov.mohw.go.kr/,2020-04-14 오전 2:47:04
303, 04.14. 00시 기준 1.3 이후 누계,강원,49,0,http://ncov.mohw.go.kr/,2020-04-14 오전 2:47:07
304, 04.14. 00시 기준 1.3 이후 누계,충북,45,0,http://ncov.mohw.go.kr/,2020-04-14 오전 2:47:09
305, 04.14. 00시 기준 1.3 이후 누계,충남,139,0,http://ncov.mohw.go.kr/,2020-04-14 오전 2:47:11
306, 04.14. 00시 기준 1.3 이후 누계,전북,17,0,http://ncov.mohw.go.kr/,2020-04-14 오전 2:47:13
307, 04.14. 00시 기준 1.3 이후 누계,전남,15,0,http://ncov.mohw.go.kr/,2020-04-14 오전 2:47:15
308, 04.14. 00시 기준 1.3 이후 누계,경북,"1,342",(+5),http://ncov.mohw.go.kr/,2020-04-14 오전 2:47:18
309, 04.14. 00시 기준 1.3 이후 누계,경남,115,0,http://ncov.mohw.go.kr/,2020-04-14 오전 2:47:20
310, 04.15. 00시 기준 1.3 이후 누계,서울,617,(+5),http://ncov.mohw.go.kr/,2020-04-15 오전 1:46:45
311, 04.15. 00시 기준 1.3 이후 누계,부산,127,(+1),http://ncov.mohw.go.kr/,2020-04-15 오전 1:46:50
312, 04.15. 00시 기준 1.3 이후 누계,대구,"6,823",(+1),http://ncov.mohw.go.kr/,2020-04-15 오전 1:46:52
313, 04.15. 00시 기준 1.3 이후 누계,인천,88,0,http://ncov.mohw.go.kr/,2020-04-15 오전 1:46:54
314, 04.15. 00시 기준 1.3 이후 누계,광주,28,(+1),http://ncov.mohw.go.kr/,2020-04-15 오전 1:46:57
315, 04.15. 00시 기준 1.3 이후 누계,대전,39,0,http://ncov.mohw.go.kr/,2020-04-15 오전 1:46:59
316, 04.15. 00시 기준 1.3 이후 누계,울산,42,0,http://ncov.mohw.go.kr/,2020-04-15 오전 1:47:01
317, 04.15. 00시 기준 1.3 이후 누계,세종,46,0,http://ncov.mohw.go.kr/,2020-04-15 오전 1:47:04
318, 04.15. 00시 기준 1.3 이후 누계,경기,645,(+6),http://ncov.mohw.go.kr/,2020-04-15 오전 1:47:06
319, 04.15. 00시 기준 1.3 이후 누계,강원,51,(+2),http://ncov.mohw.go.kr/,2020-04-15 오전 1:47:08
320, 04.15. 00시 기준 1.3 이후 누계,충북,45,0,http://ncov.mohw.go.kr/,2020-04-15 오전 1:47:10
321, 04.15. 00시 기준 1.3 이후 누계,충남,139,0,http://ncov.mohw.go.kr/,2020-04-15 오전 1:47:12
322, 04.15. 00시 기준 1.3 이후 누계,전북,17,0,http://ncov.mohw.go.kr/,2020-04-15 오전 1:47:14
323, 04.15. 00시 기준 1.3 이후 누계,전남,15,0,http://ncov.mohw.go.kr/,2020-04-15 오전 1:47:17
324, 04.15. 00시 기준 1.3 이후 누계,경북,"1,348",(+6),http://ncov.mohw.go.kr/,2020-04-15 오전 1:47:19
325, 04.15. 00시 기준 1.3 이후 누계,경남,115,0,http://ncov.mohw.go.kr/,2020-04-15 오전 1:47:21
326, 04.16. 00시 기준 1.3 이후 누계,서울,619,(+2),http://ncov.mohw.go.kr/,2020-04-16 오전 1:46:50
327, 04.16. 00시 기준 1.3 이후 누계,부산,130,(+3),http://ncov.mohw.go.kr/,2020-04-16 오전 1:46:54
328, 04.16. 00시 기준 1.3 이후 누계,대구,"6,827",(+4),http://ncov.mohw.go.kr/,2020-04-16 오전 1:46:56
329, 04.16. 00시 기준 1.3 이후 누계,인천,88,0,http://ncov.mohw.go.kr/,2020-04-16 오전 1:46:59
330, 04.16. 00시 기준 1.3 이후 누계,광주,28,0,http://ncov.mohw.go.kr/,2020-04-16 오전 1:47:01
331, 04.16. 00시 기준 1.3 이후 누계,대전,39,0,http://ncov.mohw.go.kr/,2020-04-16 오전 1:47:04
332, 04.16. 00시 기준 1.3 이후 누계,울산,42,0,http://ncov.mohw.go.kr/,2020-04-16 오전 1:47:06
333, 04.16. 00시 기준 1.3 이후 누계,세종,46,0,http://ncov.mohw.go.kr/,2020-04-16 오전 1:47:08
334, 04.16. 00시 기준 1.3 이후 누계,경기,649,(+4),http://ncov.mohw.go.kr/,2020-04-16 오전 1:47:10
335, 04.16. 00시 기준 1.3 이후 누계,강원,52,(+1),http://ncov.mohw.go.kr/,2020-04-16 오전 1:47:12
336, 04.16. 00시 기준 1.3 이후 누계,충북,45,0,http://ncov.mohw.go.kr/,2020-04-16 오전 1:47:14
337, 04.16. 00시 기준 1.3 이후 누계,충남,139,0,http://ncov.mohw.go.kr/,2020-04-16 오전 1:47:16
338, 04.16. 00시 기준 1.3 이후 누계,전북,17,0,http://ncov.mohw.go.kr/,2020-04-16 오전 1:47:18
339, 04.16. 00시 기준 1.3 이후 누계,전남,15,0,http://ncov.mohw.go.kr/,2020-04-16 오전 1:47:21
340, 04.16. 00시 기준 1.3 이후 누계,경북,"1,352",(+4),http://ncov.mohw.go.kr/,2020-04-16 오전 1:47:23
341, 04.16. 00시 기준 1.3 이후 누계,경남,115,0,http://ncov.mohw.go.kr/,2020-04-16 오전 1:47:25
342, 04.17. 00시 기준 1.3 이후 누계,서울,621,(+2),http://ncov.mohw.go.kr/,2020-04-17 오전 2:46:47
343, 04.17. 00시 기준 1.3 이후 누계,부산,130,0,http://ncov.mohw.go.kr/,2020-04-17 오전 2:46:56
344, 04.17. 00시 기준 1.3 이후 누계,대구,"6,827",0,http://ncov.mohw.go.kr/,2020-04-17 오전 2:46:59
345, 04.17. 00시 기준 1.3 이후 누계,인천,89,(+1),http://ncov.mohw.go.kr/,2020-04-17 오전 2:47:02
346, 04.17. 00시 기준 1.3 이후 누계,광주,30,(+2),http://ncov.mohw.go.kr/,2020-04-17 오전 2:47:05
347, 04.17. 00시 기준 1.3 이후 누계,대전,40,(+1),http://ncov.mohw.go.kr/,2020-04-17 오전 2:47:07
348, 04.17. 00시 기준 1.3 이후 누계,울산,42,0,http://ncov.mohw.go.kr/,2020-04-17 오전 2:47:10
349, 04.17. 00시 기준 1.3 이후 누계,세종,46,0,http://ncov.mohw.go.kr/,2020-04-17 오전 2:47:13
350, 04.17. 00시 기준 1.3 이후 누계,경기,650,(+1),http://ncov.mohw.go.kr/,2020-04-17 오전 2:47:16
351, 04.17. 00시 기준 1.3 이후 누계,강원,52,0,http://ncov.mohw.go.kr/,2020-04-17 오전 2:47:19
352, 04.17. 00시 기준 1.3 이후 누계,충북,45,0,http://ncov.mohw.go.kr/,2020-04-17 오전 2:47:21
353, 04.17. 00시 기준 1.3 이후 누계,충남,139,0,http://ncov.mohw.go.kr/,2020-04-17 오전 2:47:24
354, 04.17. 00시 기준 1.3 이후 누계,전북,17,0,http://ncov.mohw.go.kr/,2020-04-17 오전 2:47:28
355, 04.17. 00시 기준 1.3 이후 누계,전남,15,0,http://ncov.mohw.go.kr/,2020-04-17 오전 2:47:30
356, 04.17. 00시 기준 1.3 이후 누계,경북,"1,356",(+4),http://ncov.mohw.go.kr/,2020-04-17 오전 2:47:32
357, 04.17. 00시 기준 1.3 이후 누계,경남,115,0,http://ncov.mohw.go.kr/,2020-04-17 오전 2:47:35
358, 4.18. 00시 기준 1.3 이후 누계,서울,622,(+1),http://ncov.mohw.go.kr/,2020-04-18 오전 1:46:48
359, 4.18. 00시 기준 1.3 이후 누계,부산,130,0,http://ncov.mohw.go.kr/,2020-04-18 오전 1:46:51
360, 4.18. 00시 기준 1.3 이후 누계,대구,"6,830",(+3),http://ncov.mohw.go.kr/,2020-04-18 오전 1:46:54
361, 4.18. 00시 기준 1.3 이후 누계,인천,90,(+1),http://ncov.mohw.go.kr/,2020-04-18 오전 1:46:56
362, 4.18. 00시 기준 1.3 이후 누계,광주,30,0,http://ncov.mohw.go.kr/,2020-04-18 오전 1:46:58
363, 4.18. 00시 기준 1.3 이후 누계,대전,39,(+(1)),http://ncov.mohw.go.kr/,2020-04-18 오전 1:47:00
364, 4.18. 00시 기준 1.3 이후 누계,울산,42,0,http://ncov.mohw.go.kr/,2020-04-18 오전 1:47:02
365, 4.18. 00시 기준 1.3 이후 누계,세종,46,0,http://ncov.mohw.go.kr/,2020-04-18 오전 1:47:04
366, 4.18. 00시 기준 1.3 이후 누계,경기,654,(+4),http://ncov.mohw.go.kr/,2020-04-18 오전 1:47:06
367, 4.18. 00시 기준 1.3 이후 누계,강원,53,(+1),http://ncov.mohw.go.kr/,2020-04-18 오전 1:47:08
368, 4.18. 00시 기준 1.3 이후 누계,충북,45,0,http://ncov.mohw.go.kr/,2020-04-18 오전 1:47:10
369, 4.18. 00시 기준 1.3 이후 누계,충남,141,(+2),http://ncov.mohw.go.kr/,2020-04-18 오전 1:47:12
370, 4.18. 00시 기준 1.3 이후 누계,전북,17,0,http://ncov.mohw.go.kr/,2020-04-18 오전 1:47:14
371, 4.18. 00시 기준 1.3 이후 누계,전남,15,0,http://ncov.mohw.go.kr/,2020-04-18 오전 1:47:16
372, 4.18. 00시 기준 1.3 이후 누계,경북,"1,358",(+2),http://ncov.mohw.go.kr/,2020-04-18 오전 1:47:18
373, 4.18. 00시 기준 1.3 이후 누계,경남,116,(+1),http://ncov.mohw.go.kr/,2020-04-18 오전 1:47:20
374, 04.19. 00시 기준 1.3 이후 누계,서울,624,(+2),http://ncov.mohw.go.kr/,2020-04-19 오전 1:46:48
375, 04.19. 00시 기준 1.3 이후 누계,부산,130,0,http://ncov.mohw.go.kr/,2020-04-19 오전 1:46:51
376, 04.19. 00시 기준 1.3 이후 누계,대구,"6,832",(+2),http://ncov.mohw.go.kr/,2020-04-19 오전 1:46:54
377, 04.19. 00시 기준 1.3 이후 누계,인천,91,(+1),http://ncov.mohw.go.kr/,2020-04-19 오전 1:46:57
378, 04.19. 00시 기준 1.3 이후 누계,광주,30,0,http://ncov.mohw.go.kr/,2020-04-19 오전 1:46:59
379, 04.19. 00시 기준 1.3 이후 누계,대전,39,0,http://ncov.mohw.go.kr/,2020-04-19 오전 1:47:01
380, 04.19. 00시 기준 1.3 이후 누계,울산,42,0,http://ncov.mohw.go.kr/,2020-04-19 오전 1:47:03
381, 04.19. 00시 기준 1.3 이후 누계,세종,46,0,http://ncov.mohw.go.kr/,2020-04-19 오전 1:47:06
382, 04.19. 00시 기준 1.3 이후 누계,경기,654,0,http://ncov.mohw.go.kr/,2020-04-19 오전 1:47:08
383, 04.19. 00시 기준 1.3 이후 누계,강원,53,0,http://ncov.mohw.go.kr/,2020-04-19 오전 1:47:10
384, 04.19. 00시 기준 1.3 이후 누계,충북,45,0,http://ncov.mohw.go.kr/,2020-04-19 오전 1:47:12
385, 04.19. 00시 기준 1.3 이후 누계,충남,141,0,http://ncov.mohw.go.kr/,2020-04-19 오전 1:47:15
386, 04.19. 00시 기준 1.3 이후 누계,전북,17,0,http://ncov.mohw.go.kr/,2020-04-19 오전 1:47:17
387, 04.19. 00시 기준 1.3 이후 누계,전남,15,0,http://ncov.mohw.go.kr/,2020-04-19 오전 1:47:19
388, 04.19. 00시 기준 1.3 이후 누계,경북,"1,359",(+1),http://ncov.mohw.go.kr/,2020-04-19 오전 1:47:21
389, 04.19. 00시 기준 1.3 이후 누계,경남,116,0,http://ncov.mohw.go.kr/,2020-04-19 오전 1:47:27
390, 04.20. 00시 기준 1.3 이후 누계,서울,624,0,http://ncov.mohw.go.kr/,2020-04-20 오전 1:46:49
391, 04.20. 00시 기준 1.3 이후 누계,부산,132,(+2),http://ncov.mohw.go.kr/,2020-04-20 오전 1:46:51
392, 04.20. 00시 기준 1.3 이후 누계,대구,"6,833",(+1),http://ncov.mohw.go.kr/,2020-04-20 오전 1:46:53
393, 04.20. 00시 기준 1.3 이후 누계,인천,92,(+1),http://ncov.mohw.go.kr/,2020-04-20 오전 1:46:55
394, 04.20. 00시 기준 1.3 이후 누계,광주,30,0,http://ncov.mohw.go.kr/,2020-04-20 오전 1:46:58
395, 04.20. 00시 기준 1.3 이후 누계,대전,39,0,http://ncov.mohw.go.kr/,2020-04-20 오전 1:47:00
396, 04.20. 00시 기준 1.3 이후 누계,울산,43,(+1),http://ncov.mohw.go.kr/,2020-04-20 오전 1:47:02
397, 04.20. 00시 기준 1.3 이후 누계,세종,46,0,http://ncov.mohw.go.kr/,2020-04-20 오전 1:47:04
398, 04.20. 00시 기준 1.3 이후 누계,경기,656,(+2),http://ncov.mohw.go.kr/,2020-04-20 오전 1:47:06
399, 04.20. 00시 기준 1.3 이후 누계,강원,53,0,http://ncov.mohw.go.kr/,2020-04-20 오전 1:47:09
400, 04.20. 00시 기준 1.3 이후 누계,충북,45,0,http://ncov.mohw.go.kr/,2020-04-20 오전 1:47:11
401, 04.20. 00시 기준 1.3 이후 누계,충남,141,0,http://ncov.mohw.go.kr/,2020-04-20 오전 1:47:12
402, 04.20. 00시 기준 1.3 이후 누계,전북,17,0,http://ncov.mohw.go.kr/,2020-04-20 오전 1:47:14
403, 04.20. 00시 기준 1.3 이후 누계,전남,15,0,http://ncov.mohw.go.kr/,2020-04-20 오전 1:47:16
404, 04.20. 00시 기준 1.3 이후 누계,경북,"1,361",(+2),http://ncov.mohw.go.kr/,2020-04-20 오전 1:47:18
405, 04.20. 00시 기준 1.3 이후 누계,경남,116,0,http://ncov.mohw.go.kr/,2020-04-20 오전 1:47:21
406, 04.21. 00시 기준 1.3 이후 누계,서울,626,(+2),http://ncov.mohw.go.kr/,2020-04-21 오전 1:46:46
407, 04.21. 00시 기준 1.3 이후 누계,부산,132,0,http://ncov.mohw.go.kr/,2020-04-21 오전 1:46:49
408, 04.21. 00시 기준 1.3 이후 누계,대구,"6,835",(+2),http://ncov.mohw.go.kr/,2020-04-21 오전 1:46:52
409, 04.21. 00시 기준 1.3 이후 누계,인천,92,0,http://ncov.mohw.go.kr/,2020-04-21 오전 1:46:54
410, 04.21. 00시 기준 1.3 이후 누계,광주,30,0,http://ncov.mohw.go.kr/,2020-04-21 오전 1:46:56
411, 04.21. 00시 기준 1.3 이후 누계,대전,39,0,http://ncov.mohw.go.kr/,2020-04-21 오전 1:46:59
412, 04.21. 00시 기준 1.3 이후 누계,울산,43,0,http://ncov.mohw.go.kr/,2020-04-21 오전 1:47:02
413, 04.21. 00시 기준 1.3 이후 누계,세종,46,0,http://ncov.mohw.go.kr/,2020-04-21 오전 1:47:04
414, 04.21. 00시 기준 1.3 이후 누계,경기,658,(+2),http://ncov.mohw.go.kr/,2020-04-21 오전 1:47:07
415, 04.21. 00시 기준 1.3 이후 누계,강원,53,0,http://ncov.mohw.go.kr/,2020-04-21 오전 1:47:09
416, 04.21. 00시 기준 1.3 이후 누계,충북,45,0,http://ncov.mohw.go.kr/,2020-04-21 오전 1:47:11
417, 04.21. 00시 기준 1.3 이후 누계,충남,141,0,http://ncov.mohw.go.kr/,2020-04-21 오전 1:47:13
418, 04.21. 00시 기준 1.3 이후 누계,전북,17,0,http://ncov.mohw.go.kr/,2020-04-21 오전 1:47:15
419, 04.21. 00시 기준 1.3 이후 누계,전남,15,0,http://ncov.mohw.go.kr/,2020-04-21 오전 1:47:17
420, 04.21. 00시 기준 1.3 이후 누계,경북,"1,361",0,http://ncov.mohw.go.kr/,2020-04-21 오전 1:47:20
421, 04.21. 00시 기준 1.3 이후 누계,경남,116,0,http://ncov.mohw.go.kr/,2020-04-21 오전 1:47:22
422, 04.22. 00시 기준 1.3 이후 누계,서울,628,(+2),http://ncov.mohw.go.kr/,2020-04-22 오전 3:46:47
423, 04.22. 00시 기준 1.3 이후 누계,부산,134,(+2),http://ncov.mohw.go.kr/,2020-04-22 오전 3:46:50
424, 04.22. 00시 기준 1.3 이후 누계,대구,"6,836",(+1),http://ncov.mohw.go.kr/,2020-04-22 오전 3:46:53
425, 04.22. 00시 기준 1.3 이후 누계,인천,92,0,http://ncov.mohw.go.kr/,2020-04-22 오전 3:46:55
426, 04.22. 00시 기준 1.3 이후 누계,광주,30,0,http://ncov.mohw.go.kr/,2020-04-22 오전 3:46:57
427, 04.22. 00시 기준 1.3 이후 누계,대전,40,(+1),http://ncov.mohw.go.kr/,2020-04-22 오전 3:46:59
428, 04.22. 00시 기준 1.3 이후 누계,울산,43,0,http://ncov.mohw.go.kr/,2020-04-22 오전 3:47:02
429, 04.22. 00시 기준 1.3 이후 누계,세종,46,0,http://ncov.mohw.go.kr/,2020-04-22 오전 3:47:04
430, 04.22. 00시 기준 1.3 이후 누계,경기,658,0,http://ncov.mohw.go.kr/,2020-04-22 오전 3:47:06
431, 04.22. 00시 기준 1.3 이후 누계,강원,53,0,http://ncov.mohw.go.kr/,2020-04-22 오전 3:47:08
432, 04.22. 00시 기준 1.3 이후 누계,충북,45,0,http://ncov.mohw.go.kr/,2020-04-22 오전 3:47:10
433, 04.22. 00시 기준 1.3 이후 누계,충남,141,0,http://ncov.mohw.go.kr/,2020-04-22 오전 3:47:12
434, 04.22. 00시 기준 1.3 이후 누계,전북,17,0,http://ncov.mohw.go.kr/,2020-04-22 오전 3:47:14
435, 04.22. 00시 기준 1.3 이후 누계,전남,15,0,http://ncov.mohw.go.kr/,2020-04-22 오전 3:47:17
436, 04.22. 00시 기준 1.3 이후 누계,경북,"1,363",(+2),http://ncov.mohw.go.kr/,2020-04-22 오전 3:47:18
437, 04.22. 00시 기준 1.3 이후 누계,경남,117,(+1),http://ncov.mohw.go.kr/,2020-04-22 오전 3:47:21
438, 04.23. 00시 기준 1.3 이후 누계,서울,628,0,http://ncov.mohw.go.kr/,2020-04-23 오전 1:46:46
439, 04.23. 00시 기준 1.3 이후 누계,부산,135,(+1),http://ncov.mohw.go.kr/,2020-04-23 오전 1:46:49
440, 04.23. 00시 기준 1.3 이후 누계,대구,"6,840",(+4),http://ncov.mohw.go.kr/,2020-04-23 오전 1:46:51
441, 04.23. 00시 기준 1.3 이후 누계,인천,92,0,http://ncov.mohw.go.kr/,2020-04-23 오전 1:46:53
442, 04.23. 00시 기준 1.3 이후 누계,광주,30,0,http://ncov.mohw.go.kr/,2020-04-23 오전 1:46:55
443, 04.23. 00시 기준 1.3 이후 누계,대전,40,0,http://ncov.mohw.go.kr/,2020-04-23 오전 1:46:57
444, 04.23. 00시 기준 1.3 이후 누계,울산,43,0,http://ncov.mohw.go.kr/,2020-04-23 오전 1:47:02
445, 04.23. 00시 기준 1.3 이후 누계,세종,46,0,http://ncov.mohw.go.kr/,2020-04-23 오전 1:47:04
446, 04.23. 00시 기준 1.3 이후 누계,경기,659,(+1),http://ncov.mohw.go.kr/,2020-04-23 오전 1:47:08
447, 04.23. 00시 기준 1.3 이후 누계,강원,53,0,http://ncov.mohw.go.kr/,2020-04-23 오전 1:47:10
448, 04.23. 00시 기준 1.3 이후 누계,충북,45,0,http://ncov.mohw.go.kr/,2020-04-23 오전 1:47:12
449, 04.23. 00시 기준 1.3 이후 누계,충남,141,0,http://ncov.mohw.go.kr/,2020-04-23 오전 1:47:14
450, 04.23. 00시 기준 1.3 이후 누계,전북,17,0,http://ncov.mohw.go.kr/,2020-04-23 오전 1:47:16
451, 04.23. 00시 기준 1.3 이후 누계,전남,15,0,http://ncov.mohw.go.kr/,2020-04-23 오전 1:47:18
452, 04.23. 00시 기준 1.3 이후 누계,경북,"1,363",0,http://ncov.mohw.go.kr/,2020-04-23 오전 1:47:21
453, 04.23. 00시 기준 1.3 이후 누계,경남,117,0,http://ncov.mohw.go.kr/,2020-04-23 오전 1:47:23
454, 04.24. 00시 기준 1.3 이후 누계,서울,628,0,http://ncov.mohw.go.kr/,2020-04-24 오전 1:46:48
455, 04.24. 00시 기준 1.3 이후 누계,부산,136,(+1),http://ncov.mohw.go.kr/,2020-04-24 오전 1:46:51
456, 04.24. 00시 기준 1.3 이후 누계,대구,"6,842",(+2),http://ncov.mohw.go.kr/,2020-04-24 오전 1:46:53
457, 04.24. 00시 기준 1.3 이후 누계,인천,92,0,http://ncov.mohw.go.kr/,2020-04-24 오전 1:46:55
458, 04.24. 00시 기준 1.3 이후 누계,광주,30,0,http://ncov.mohw.go.kr/,2020-04-24 오전 1:46:58
459, 04.24. 00시 기준 1.3 이후 누계,대전,40,0,http://ncov.mohw.go.kr/,2020-04-24 오전 1:47:00
460, 04.24. 00시 기준 1.3 이후 누계,울산,43,0,http://ncov.mohw.go.kr/,2020-04-24 오전 1:47:02
461, 04.24. 00시 기준 1.3 이후 누계,세종,46,0,http://ncov.mohw.go.kr/,2020-04-24 오전 1:47:04
462, 04.24. 00시 기준 1.3 이후 누계,경기,660,(+1),http://ncov.mohw.go.kr/,2020-04-24 오전 1:47:06
463, 04.24. 00시 기준 1.3 이후 누계,강원,53,0,http://ncov.mohw.go.kr/,2020-04-24 오전 1:47:09
464, 04.24. 00시 기준 1.3 이후 누계,충북,45,0,http://ncov.mohw.go.kr/,2020-04-24 오전 1:47:11
465, 04.24. 00시 기준 1.3 이후 누계,충남,141,0,http://ncov.mohw.go.kr/,2020-04-24 오전 1:47:13
466, 04.24. 00시 기준 1.3 이후 누계,전북,17,0,http://ncov.mohw.go.kr/,2020-04-24 오전 1:47:15
467, 04.24. 00시 기준 1.3 이후 누계,전남,15,0,http://ncov.mohw.go.kr/,2020-04-24 오전 1:47:17
468, 04.24. 00시 기준 1.3 이후 누계,경북,"1,364",(+1),http://ncov.mohw.go.kr/,2020-04-24 오전 1:47:19
469, 04.24. 00시 기준 1.3 이후 누계,경남,117,0,http://ncov.mohw.go.kr/,2020-04-24 오전 1:47:21
470, 4.25. 00시 기준 1.3 이후 누계,서울,629,(+1),http://ncov.mohw.go.kr/,2020-04-25 오전 1:46:45
471, 4.25. 00시 기준 1.3 이후 누계,부산,136,0,http://ncov.mohw.go.kr/,2020-04-25 오전 1:46:48
472, 4.25. 00시 기준 1.3 이후 누계,대구,"6,845",(+3),http://ncov.mohw.go.kr/,2020-04-25 오전 1:46:51
473, 4.25. 00시 기준 1.3 이후 누계,인천,92,0,http://ncov.mohw.go.kr/,2020-04-25 오전 1:46:53
474, 4.25. 00시 기준 1.3 이후 누계,광주,30,0,http://ncov.mohw.go.kr/,2020-04-25 오전 1:46:55
475, 4.25. 00시 기준 1.3 이후 누계,대전,40,0,http://ncov.mohw.go.kr/,2020-04-25 오전 1:47:01
476, 4.25. 00시 기준 1.3 이후 누계,울산,43,0,http://ncov.mohw.go.kr/,2020-04-25 오전 1:47:04
477, 4.25. 00시 기준 1.3 이후 누계,세종,46,0,http://ncov.mohw.go.kr/,2020-04-25 오전 1:47:07
478, 4.25. 00시 기준 1.3 이후 누계,경기,662,(+2),http://ncov.mohw.go.kr/,2020-04-25 오전 1:47:09
479, 4.25. 00시 기준 1.3 이후 누계,강원,53,0,http://ncov.mohw.go.kr/,2020-04-25 오전 1:47:12
480, 4.25. 00시 기준 1.3 이후 누계,충북,45,0,http://ncov.mohw.go.kr/,2020-04-25 오전 1:47:14
481, 4.25. 00시 기준 1.3 이후 누계,충남,141,0,http://ncov.mohw.go.kr/,2020-04-25 오전 1:47:22
482, 4.25. 00시 기준 1.3 이후 누계,전북,17,0,http://ncov.mohw.go.kr/,2020-04-25 오전 1:47:26
483, 4.25. 00시 기준 1.3 이후 누계,전남,15,0,http://ncov.mohw.go.kr/,2020-04-25 오전 1:47:28
484, 4.25. 00시 기준 1.3 이후 누계,경북,"1,364",0,http://ncov.mohw.go.kr/,2020-04-25 오전 1:47:30
485, 4.25. 00시 기준 1.3 이후 누계,경남,117,0,http://ncov.mohw.go.kr/,2020-04-25 오전 1:47:33
486, 04.26. 00시 기준 1.3 이후 누계,서울,629,0,http://ncov.mohw.go.kr/,2020-04-26 오전 1:46:45
487, 04.26. 00시 기준 1.3 이후 누계,부산,137,(+1),http://ncov.mohw.go.kr/,2020-04-26 오전 1:46:48
488, 04.26. 00시 기준 1.3 이후 누계,대구,"6,846",(+1),http://ncov.mohw.go.kr/,2020-04-26 오전 1:46:50
489, 04.26. 00시 기준 1.3 이후 누계,인천,92,0,http://ncov.mohw.go.kr/,2020-04-26 오전 1:46:52
490, 04.26. 00시 기준 1.3 이후 누계,광주,30,0,http://ncov.mohw.go.kr/,2020-04-26 오전 1:46:54
491, 04.26. 00시 기준 1.3 이후 누계,대전,40,0,http://ncov.mohw.go.kr/,2020-04-26 오전 1:46:56
492, 04.26. 00시 기준 1.3 이후 누계,울산,43,0,http://ncov.mohw.go.kr/,2020-04-26 오전 1:47:01
493, 04.26. 00시 기준 1.3 이후 누계,세종,46,0,http://ncov.mohw.go.kr/,2020-04-26 오전 1:47:04
494, 04.26. 00시 기준 1.3 이후 누계,경기,668,(+6),http://ncov.mohw.go.kr/,2020-04-26 오전 1:47:06
495, 04.26. 00시 기준 1.3 이후 누계,강원,53,0,http://ncov.mohw.go.kr/,2020-04-26 오전 1:47:08
496, 04.26. 00시 기준 1.3 이후 누계,충북,45,0,http://ncov.mohw.go.kr/,2020-04-26 오전 1:47:10
497, 04.26. 00시 기준 1.3 이후 누계,충남,141,0,http://ncov.mohw.go.kr/,2020-04-26 오전 1:47:12
498, 04.26. 00시 기준 1.3 이후 누계,전북,18,(+1),http://ncov.mohw.go.kr/,2020-04-26 오전 1:47:14
499, 04.26. 00시 기준 1.3 이후 누계,전남,15,0,http://ncov.mohw.go.kr/,2020-04-26 오전 1:47:16
500, 04.26. 00시 기준 1.3 이후 누계,경북,"1,364",0,http://ncov.mohw.go.kr/,2020-04-26 오전 1:47:18
501, 04.26. 00시 기준 1.3 이후 누계,경남,117,0,http://ncov.mohw.go.kr/,2020-04-26 오전 1:47:20
502, 04.27. 00시 기준 1.3 이후 누계,서울,629,0,http://ncov.mohw.go.kr/,2020-04-27 오전 1:46:47
503, 04.27. 00시 기준 1.3 이후 누계,부산,137,0,http://ncov.mohw.go.kr/,2020-04-27 오전 1:46:50
504, 04.27. 00시 기준 1.3 이후 누계,대구,"6,847",(+1),http://ncov.mohw.go.kr/,2020-04-27 오전 1:46:52
505, 04.27. 00시 기준 1.3 이후 누계,인천,92,0,http://ncov.mohw.go.kr/,2020-04-27 오전 1:46:55
506, 04.27. 00시 기준 1.3 이후 누계,광주,30,0,http://ncov.mohw.go.kr/,2020-04-27 오전 1:46:57
507, 04.27. 00시 기준 1.3 이후 누계,대전,40,0,http://ncov.mohw.go.kr/,2020-04-27 오전 1:47:00
508, 04.27. 00시 기준 1.3 이후 누계,울산,43,0,http://ncov.mohw.go.kr/,2020-04-27 오전 1:47:03
509, 04.27. 00시 기준 1.3 이후 누계,세종,46,0,http://ncov.mohw.go.kr/,2020-04-27 오전 1:47:05
510, 04.27. 00시 기준 1.3 이후 누계,경기,671,(+3),http://ncov.mohw.go.kr/,2020-04-27 오전 1:47:08
511, 04.27. 00시 기준 1.3 이후 누계,강원,53,0,http://ncov.mohw.go.kr/,2020-04-27 오전 1:47:10
512, 04.27. 00시 기준 1.3 이후 누계,충북,45,0,http://ncov.mohw.go.kr/,2020-04-27 오전 1:47:12
513, 04.27. 00시 기준 1.3 이후 누계,충남,142,(+1),http://ncov.mohw.go.kr/,2020-04-27 오전 1:47:15
514, 04.27. 00시 기준 1.3 이후 누계,전북,18,0,http://ncov.mohw.go.kr/,2020-04-27 오전 1:47:17
515, 04.27. 00시 기준 1.3 이후 누계,전남,15,0,http://ncov.mohw.go.kr/,2020-04-27 오전 1:47:19
516, 04.27. 00시 기준 1.3 이후 누계,경북,"1,364",0,http://ncov.mohw.go.kr/,2020-04-27 오전 1:47:21
517, 04.27. 00시 기준 1.3 이후 누계,경남,117,0,http://ncov.mohw.go.kr/,2020-04-27 오전 1:47:23
518, 04.28. 00시 기준 1.3 이후 누계,서울,633,(+4),http://ncov.mohw.go.kr/,2020-04-28 오전 10:46:46
519, 04.28. 00시 기준 1.3 이후 누계,부산,137,0,http://ncov.mohw.go.kr/,2020-04-28 오전 10:46:50
520, 04.28. 00시 기준 1.3 이후 누계,대구,"6,849",(+2),http://ncov.mohw.go.kr/,2020-04-28 오전 10:46:52
521, 04.28. 00시 기준 1.3 이후 누계,인천,93,(+1),http://ncov.mohw.go.kr/,2020-04-28 오전 10:46:55
522, 04.28. 00시 기준 1.3 이후 누계,광주,30,0,http://ncov.mohw.go.kr/,2020-04-28 오전 10:46:57
523, 04.28. 00시 기준 1.3 이후 누계,대전,40,0,http://ncov.mohw.go.kr/,2020-04-28 오전 10:46:59
524, 04.28. 00시 기준 1.3 이후 누계,울산,43,0,http://ncov.mohw.go.kr/,2020-04-28 오전 10:47:01
525, 04.28. 00시 기준 1.3 이후 누계,세종,46,0,http://ncov.mohw.go.kr/,2020-04-28 오전 10:47:03
526, 04.28. 00시 기준 1.3 이후 누계,경기,674,(+3),http://ncov.mohw.go.kr/,2020-04-28 오전 10:47:06
527, 04.28. 00시 기준 1.3 이후 누계,강원,53,0,http://ncov.mohw.go.kr/,2020-04-28 오전 10:47:08
528, 04.28. 00시 기준 1.3 이후 누계,충북,45,0,http://ncov.mohw.go.kr/,2020-04-28 오전 10:47:10
529, 04.28. 00시 기준 1.3 이후 누계,충남,142,0,http://ncov.mohw.go.kr/,2020-04-28 오전 10:47:12
530, 04.28. 00시 기준 1.3 이후 누계,전북,18,0,http://ncov.mohw.go.kr/,2020-04-28 오전 10:47:14
531, 04.28. 00시 기준 1.3 이후 누계,전남,15,0,http://ncov.mohw.go.kr/,2020-04-28 오전 10:47:17
532, 04.28. 00시 기준 1.3 이후 누계,경북,"1,365",(+1),http://ncov.mohw.go.kr/,2020-04-28 오전 10:47:18
533, 04.28. 00시 기준 1.3 이후 누계,경남,117,0,http://ncov.mohw.go.kr/,2020-04-28 오전 10:47:21
534, 04.29. 00시 기준 1.3 이후 누계,서울,633,0,http://ncov.mohw.go.kr/,2020-04-29 오전 10:46:47
535, 04.29. 00시 기준 1.3 이후 누계,부산,137,0,http://ncov.mohw.go.kr/,2020-04-29 오전 10:46:50
536, 04.29. 00시 기준 1.3 이후 누계,대구,"6,852",(+3),http://ncov.mohw.go.kr/,2020-04-29 오전 10:46:53
537, 04.29. 00시 기준 1.3 이후 누계,인천,93,0,http://ncov.mohw.go.kr/,2020-04-29 오전 10:46:55
538, 04.29. 00시 기준 1.3 이후 누계,광주,30,0,http://ncov.mohw.go.kr/,2020-04-29 오전 10:46:57
539, 04.29. 00시 기준 1.3 이후 누계,대전,40,0,http://ncov.mohw.go.kr/,2020-04-29 오전 10:47:00
540, 04.29. 00시 기준 1.3 이후 누계,울산,43,0,http://ncov.mohw.go.kr/,2020-04-29 오전 10:47:02
541, 04.29. 00시 기준 1.3 이후 누계,세종,46,0,http://ncov.mohw.go.kr/,2020-04-29 오전 10:47:04
542, 04.29. 00시 기준 1.3 이후 누계,경기,676,(+2),http://ncov.mohw.go.kr/,2020-04-29 오전 10:47:06
543, 04.29. 00시 기준 1.3 이후 누계,강원,53,0,http://ncov.mohw.go.kr/,2020-04-29 오전 10:47:09
544, 04.29. 00시 기준 1.3 이후 누계,충북,45,0,http://ncov.mohw.go.kr/,2020-04-29 오전 10:47:11
545, 04.29. 00시 기준 1.3 이후 누계,충남,143,(+1),http://ncov.mohw.go.kr/,2020-04-29 오전 10:47:13
546, 04.29. 00시 기준 1.3 이후 누계,전북,18,0,http://ncov.mohw.go.kr/,2020-04-29 오전 10:47:15
547, 04.29. 00시 기준 1.3 이후 누계,전남,15,0,http://ncov.mohw.go.kr/,2020-04-29 오전 10:47:17
548, 04.29. 00시 기준 1.3 이후 누계,경북,"1,365",0,http://ncov.mohw.go.kr/,2020-04-29 오전 10:47:19
549, 04.29. 00시 기준 1.3 이후 누계,경남,117,0,http://ncov.mohw.go.kr/,2020-04-29 오전 10:47:22
550, 4.30. 00시 기준 1.3 이후 누계,서울,633,0,http://ncov.mohw.go.kr/,2020-04-30 오전 10:46:46
551, 4.30. 00시 기준 1.3 이후 누계,부산,137,0,http://ncov.mohw.go.kr/,2020-04-30 오전 10:46:49
552, 4.30. 00시 기준 1.3 이후 누계,대구,"6,852",0,http://ncov.mohw.go.kr/,2020-04-30 오전 10:46:52
553, 4.30. 00시 기준 1.3 이후 누계,인천,93,0,http://ncov.mohw.go.kr/,2020-04-30 오전 10:46:54
554, 4.30. 00시 기준 1.3 이후 누계,광주,30,0,http://ncov.mohw.go.kr/,2020-04-30 오전 10:46:56
555, 4.30. 00시 기준 1.3 이후 누계,대전,40,0,http://ncov.mohw.go.kr/,2020-04-30 오전 10:46:58
556, 4.30. 00시 기준 1.3 이후 누계,울산,43,0,http://ncov.mohw.go.kr/,2020-04-30 오전 10:47:00
557, 4.30. 00시 기준 1.3 이후 누계,세종,46,0,http://ncov.mohw.go.kr/,2020-04-30 오전 10:47:03
558, 4.30. 00시 기준 1.3 이후 누계,경기,676,0,http://ncov.mohw.go.kr/,2020-04-30 오전 10:47:05
559, 4.30. 00시 기준 1.3 이후 누계,강원,53,0,http://ncov.mohw.go.kr/,2020-04-30 오전 10:47:07
560, 4.30. 00시 기준 1.3 이후 누계,충북,45,0,http://ncov.mohw.go.kr/,2020-04-30 오전 10:47:09
561, 4.30. 00시 기준 1.3 이후 누계,충남,143,0,http://ncov.mohw.go.kr/,2020-04-30 오전 10:47:11
562, 4.30. 00시 기준 1.3 이후 누계,전북,18,0,http://ncov.mohw.go.kr/,2020-04-30 오전 10:47:13
563, 4.30. 00시 기준 1.3 이후 누계,전남,15,0,http://ncov.mohw.go.kr/,2020-04-30 오전 10:47:15
564, 4.30. 00시 기준 1.3 이후 누계,경북,"1,365",0,http://ncov.mohw.go.kr/,2020-04-30 오전 10:47:17
565, 4.30. 00시 기준 1.3 이후 누계,경남,117,0,http://ncov.mohw.go.kr/,2020-04-30 오전 10:47:20
566, 05.02. 00시 기준 1.3 이후 누계,서울,635,(+1),http://ncov.mohw.go.kr/,2020-05-02 오후 12:05:57
567, 05.02. 00시 기준 1.3 이후 누계,부산,138,(+1),http://ncov.mohw.go.kr/,2020-05-02 오후 12:05:59
568, 05.02. 00시 기준 1.3 이후 누계,대구,"6,852",0,http://ncov.mohw.go.kr/,2020-05-02 오후 12:06:01
569, 05.02. 00시 기준 1.3 이후 누계,인천,95,(+1),http://ncov.mohw.go.kr/,2020-05-02 오후 12:06:03
570, 05.02. 00시 기준 1.3 이후 누계,광주,30,0,http://ncov.mohw.go.kr/,2020-05-02 오후 12:06:05
571, 05.02. 00시 기준 1.3 이후 누계,대전,40,0,http://ncov.mohw.go.kr/,2020-05-02 오후 12:06:07
572, 05.02. 00시 기준 1.3 이후 누계,울산,43,0,http://ncov.mohw.go.kr/,2020-05-02 오후 12:06:09
573, 05.02. 00시 기준 1.3 이후 누계,세종,46,0,http://ncov.mohw.go.kr/,2020-05-02 오후 12:06:10
574, 05.02. 00시 기준 1.3 이후 누계,경기,678,0,http://ncov.mohw.go.kr/,2020-05-02 오후 12:06:12
575, 05.02. 00시 기준 1.3 이후 누계,강원,53,0,http://ncov.mohw.go.kr/,2020-05-02 오후 12:06:15
576, 05.02. 00시 기준 1.3 이후 누계,충북,45,0,http://ncov.mohw.go.kr/,2020-05-02 오후 12:06:16
577, 05.02. 00시 기준 1.3 이후 누계,충남,143,0,http://ncov.mohw.go.kr/,2020-05-02 오후 12:06:19
578, 05.02. 00시 기준 1.3 이후 누계,전북,18,0,http://ncov.mohw.go.kr/,2020-05-02 오후 12:06:20
579, 05.02. 00시 기준 1.3 이후 누계,전남,15,0,http://ncov.mohw.go.kr/,2020-05-02 오후 12:06:22
580, 05.02. 00시 기준 1.3 이후 누계,경북,"1,366",0,http://ncov.mohw.go.kr/,2020-05-02 오후 12:06:24
581, 05.02. 00시 기준 1.3 이후 누계,경남,117,0,http://ncov.mohw.go.kr/,2020-05-02 오후 12:06:25
582, 05.04. 00시 기준 1.3 이후 누계,서울,637,0,http://ncov.mohw.go.kr/,2020-05-04 오후 3:52:13
583, 05.04. 00시 기준 1.3 이후 누계,부산,138,0,http://ncov.mohw.go.kr/,2020-05-04 오후 3:52:16
584, 05.04. 00시 기준 1.3 이후 누계,대구,"6,856",0,http://ncov.mohw.go.kr/,2020-05-04 오후 3:52:18
585, 05.04. 00시 기준 1.3 이후 누계,인천,96,(+1),http://ncov.mohw.go.kr/,2020-05-04 오후 3:52:20
586, 05.04. 00시 기준 1.3 이후 누계,광주,30,0,http://ncov.mohw.go.kr/,2020-05-04 오후 3:52:21
587, 05.04. 00시 기준 1.3 이후 누계,대전,40,0,http://ncov.mohw.go.kr/,2020-05-04 오후 3:52:23
588, 05.04. 00시 기준 1.3 이후 누계,울산,44,(+1),http://ncov.mohw.go.kr/,2020-05-04 오후 3:52:24
589, 05.04. 00시 기준 1.3 이후 누계,세종,46,0,http://ncov.mohw.go.kr/,2020-05-04 오후 3:52:27
590, 05.04. 00시 기준 1.3 이후 누계,경기,681,(+1),http://ncov.mohw.go.kr/,2020-05-04 오후 3:52:29
591, 05.04. 00시 기준 1.3 이후 누계,강원,53,0,http://ncov.mohw.go.kr/,2020-05-04 오후 3:52:32
592, 05.04. 00시 기준 1.3 이후 누계,충북,45,0,http://ncov.mohw.go.kr/,2020-05-04 오후 3:52:34
593, 05.04. 00시 기준 1.3 이후 누계,충남,143,0,http://ncov.mohw.go.kr/,2020-05-04 오후 3:52:35
594, 05.04. 00시 기준 1.3 이후 누계,전북,18,0,http://ncov.mohw.go.kr/,2020-05-04 오후 3:52:37
595, 05.04. 00시 기준 1.3 이후 누계,전남,16,(+1),http://ncov.mohw.go.kr/,2020-05-04 오후 3:52:39
596, 05.04. 00시 기준 1.3 이후 누계,경북,"1,366",0,http://ncov.mohw.go.kr/,2020-05-04 오후 3:52:41
597, 05.04. 00시 기준 1.3 이후 누계,경남,117,0,http://ncov.mohw.go.kr/,2020-05-04 오후 3:52:43
598, 5.5. 00시 기준 1.3 이후 누계,서울,637,0,http://ncov.mohw.go.kr/,2020-05-05 오전 10:46:45
599, 5.5. 00시 기준 1.3 이후 누계,부산,138,0,http://ncov.mohw.go.kr/,2020-05-05 오전 10:46:47
600, 5.5. 00시 기준 1.3 이후 누계,대구,"6,856",0,http://ncov.mohw.go.kr/,2020-05-05 오전 10:46:49
601, 5.5. 00시 기준 1.3 이후 누계,인천,97,(+1),http://ncov.mohw.go.kr/,2020-05-05 오전 10:46:51
602, 5.5. 00시 기준 1.3 이후 누계,광주,30,0,http://ncov.mohw.go.kr/,2020-05-05 오전 10:46:53
603, 5.5. 00시 기준 1.3 이후 누계,대전,40,0,http://ncov.mohw.go.kr/,2020-05-05 오전 10:46:55
604, 5.5. 00시 기준 1.3 이후 누계,울산,44,0,http://ncov.mohw.go.kr/,2020-05-05 오전 10:46:57
605, 5.5. 00시 기준 1.3 이후 누계,세종,46,0,http://ncov.mohw.go.kr/,2020-05-05 오전 10:46:58
606, 5.5. 00시 기준 1.3 이후 누계,경기,681,0,http://ncov.mohw.go.kr/,2020-05-05 오전 10:47:00
607, 5.5. 00시 기준 1.3 이후 누계,강원,53,0,http://ncov.mohw.go.kr/,2020-05-05 오전 10:47:02
608, 5.5. 00시 기준 1.3 이후 누계,충북,45,0,http://ncov.mohw.go.kr/,2020-05-05 오전 10:47:03
609, 5.5. 00시 기준 1.3 이후 누계,충남,143,0,http://ncov.mohw.go.kr/,2020-05-05 오전 10:47:05
610, 5.5. 00시 기준 1.3 이후 누계,전북,18,0,http://ncov.mohw.go.kr/,2020-05-05 오전 10:47:07
611, 5.5. 00시 기준 1.3 이후 누계,전남,16,0,http://ncov.mohw.go.kr/,2020-05-05 오전 10:47:09
612, 5.5. 00시 기준 1.3 이후 누계,경북,"1,366",0,http://ncov.mohw.go.kr/,2020-05-05 오전 10:47:10
613, 5.5. 00시 기준 1.3 이후 누계,경남,117,0,http://ncov.mohw.go.kr/,2020-05-05 오전 10:47:12
614, 05.06. 00시 기준 1.3 이후 누계,서울,637,0,http://ncov.mohw.go.kr/,2020-05-06 오전 10:46:47
615, 05.06. 00시 기준 1.3 이후 누계,부산,138,0,http://ncov.mohw.go.kr/,2020-05-06 오전 10:46:49
616, 05.06. 00시 기준 1.3 이후 누계,대구,"6,856",0,http://ncov.mohw.go.kr/,2020-05-06 오전 10:46:51
617, 05.06. 00시 기준 1.3 이후 누계,인천,97,0,http://ncov.mohw.go.kr/,2020-05-06 오전 10:46:53
618, 05.06. 00시 기준 1.3 이후 누계,광주,30,0,http://ncov.mohw.go.kr/,2020-05-06 오전 10:46:55
619, 05.06. 00시 기준 1.3 이후 누계,대전,40,0,http://ncov.mohw.go.kr/,2020-05-06 오전 10:46:56
620, 05.06. 00시 기준 1.3 이후 누계,울산,44,0,http://ncov.mohw.go.kr/,2020-05-06 오전 10:46:58
621, 05.06. 00시 기준 1.3 이후 누계,세종,46,0,http://ncov.mohw.go.kr/,2020-05-06 오전 10:46:59
622, 05.06. 00시 기준 1.3 이후 누계,경기,681,0,http://ncov.mohw.go.kr/,2020-05-06 오전 10:47:01
623, 05.06. 00시 기준 1.3 이후 누계,강원,53,0,http://ncov.mohw.go.kr/,2020-05-06 오전 10:47:02
624, 05.06. 00시 기준 1.3 이후 누계,충북,45,0,http://ncov.mohw.go.kr/,2020-05-06 오전 10:47:04
625, 05.06. 00시 기준 1.3 이후 누계,충남,143,0,http://ncov.mohw.go.kr/,2020-05-06 오전 10:47:06
626, 05.06. 00시 기준 1.3 이후 누계,전북,18,0,http://ncov.mohw.go.kr/,2020-05-06 오전 10:47:07
627, 05.06. 00시 기준 1.3 이후 누계,전남,16,0,http://ncov.mohw.go.kr/,2020-05-06 오전 10:47:09
628, 05.06. 00시 기준 1.3 이후 누계,경북,"1,366",0,http://ncov.mohw.go.kr/,2020-05-06 오전 10:47:10
629, 05.06. 00시 기준 1.3 이후 누계,경남,117,0,http://ncov.mohw.go.kr/,2020-05-06 오전 10:47:12
630, 05.07. 00시 기준 1.3 이후 누계,서울,637,0,http://ncov.mohw.go.kr/,2020-05-07 오전 10:46:49
631, 05.07. 00시 기준 1.3 이후 누계,부산,138,0,http://ncov.mohw.go.kr/,2020-05-07 오전 10:46:51
632, 05.07. 00시 기준 1.3 이후 누계,대구,"6,856",0,http://ncov.mohw.go.kr/,2020-05-07 오전 10:46:53
633, 05.07. 00시 기준 1.3 이후 누계,인천,97,0,http://ncov.mohw.go.kr/,2020-05-07 오전 10:46:55
634, 05.07. 00시 기준 1.3 이후 누계,광주,30,0,http://ncov.mohw.go.kr/,2020-05-07 오전 10:46:58
635, 05.07. 00시 기준 1.3 이후 누계,대전,41,(+1),http://ncov.mohw.go.kr/,2020-05-07 오전 10:46:59
636, 05.07. 00시 기준 1.3 이후 누계,울산,44,0,http://ncov.mohw.go.kr/,2020-05-07 오전 10:47:01
637, 05.07. 00시 기준 1.3 이후 누계,세종,46,0,http://ncov.mohw.go.kr/,2020-05-07 오전 10:47:02
638, 05.07. 00시 기준 1.3 이후 누계,경기,682,(+1),http://ncov.mohw.go.kr/,2020-05-07 오전 10:47:04
639, 05.07. 00시 기준 1.3 이후 누계,강원,53,0,http://ncov.mohw.go.kr/,2020-05-07 오전 10:47:06
640, 05.07. 00시 기준 1.3 이후 누계,충북,46,(+1),http://ncov.mohw.go.kr/,2020-05-07 오전 10:47:08
641, 05.07. 00시 기준 1.3 이후 누계,충남,143,0,http://ncov.mohw.go.kr/,2020-05-07 오전 10:47:09
642, 05.07. 00시 기준 1.3 이후 누계,전북,18,0,http://ncov.mohw.go.kr/,2020-05-07 오전 10:47:11
643, 05.07. 00시 기준 1.3 이후 누계,전남,16,0,http://ncov.mohw.go.kr/,2020-05-07 오전 10:47:13
644, 05.07. 00시 기준 1.3 이후 누계,경북,"1,366",0,http://ncov.mohw.go.kr/,2020-05-07 오전 10:47:14
645, 05.07. 00시 기준 1.3 이후 누계,경남,117,0,http://ncov.mohw.go.kr/,2020-05-07 오전 10:47:16
646, 05.08. 00시 기준 1.3 이후 누계,서울,637,0,http://ncov.mohw.go.kr/,2020-05-08 오전 10:46:46
647, 05.08. 00시 기준 1.3 이후 누계,부산,140,(+2),http://ncov.mohw.go.kr/,2020-05-08 오전 10:46:48
648, 05.08. 00시 기준 1.3 이후 누계,대구,"6,859",(+3),http://ncov.mohw.go.kr/,2020-05-08 오전 10:46:50
649, 05.08. 00시 기준 1.3 이후 누계,인천,97,0,http://ncov.mohw.go.kr/,2020-05-08 오전 10:46:51
650, 05.08. 00시 기준 1.3 이후 누계,광주,30,0,http://ncov.mohw.go.kr/,2020-05-08 오전 10:46:53
651, 05.08. 00시 기준 1.3 이후 누계,대전,41,0,http://ncov.mohw.go.kr/,2020-05-08 오전 10:46:54
652, 05.08. 00시 기준 1.3 이후 누계,울산,44,0,http://ncov.mohw.go.kr/,2020-05-08 오전 10:46:56
653, 05.08. 00시 기준 1.3 이후 누계,세종,46,0,http://ncov.mohw.go.kr/,2020-05-08 오전 10:46:57
654, 05.08. 00시 기준 1.3 이후 누계,경기,684,(+2),http://ncov.mohw.go.kr/,2020-05-08 오전 10:46:59
655, 05.08. 00시 기준 1.3 이후 누계,강원,53,0,http://ncov.mohw.go.kr/,2020-05-08 오전 10:47:00
656, 05.08. 00시 기준 1.3 이후 누계,충북,47,(+1),http://ncov.mohw.go.kr/,2020-05-08 오전 10:47:02
657, 05.08. 00시 기준 1.3 이후 누계,충남,143,0,http://ncov.mohw.go.kr/,2020-05-08 오전 10:47:03
658, 05.08. 00시 기준 1.3 이후 누계,전북,19,(+1),http://ncov.mohw.go.kr/,2020-05-08 오전 10:47:05
659, 05.08. 00시 기준 1.3 이후 누계,전남,16,0,http://ncov.mohw.go.kr/,2020-05-08 오전 10:47:06
660, 05.08. 00시 기준 1.3 이후 누계,경북,"1,366",0,http://ncov.mohw.go.kr/,2020-05-08 오전 10:47:08
661, 05.08. 00시 기준 1.3 이후 누계,경남,117,0,http://ncov.mohw.go.kr/,2020-05-08 오전 10:47:10
662, 05.09. 00시 기준 1.3 이후 누계,서울,649,(+12),http://ncov.mohw.go.kr/,2020-05-09 오전 10:46:45
663, 05.09. 00시 기준 1.3 이후 누계,부산,141,(+1),http://ncov.mohw.go.kr/,2020-05-09 오전 10:46:49
664, 05.09. 00시 기준 1.3 이후 누계,대구,"6,859",0,http://ncov.mohw.go.kr/,2020-05-09 오전 10:46:51
665, 05.09. 00시 기준 1.3 이후 누계,인천,98,(+1),http://ncov.mohw.go.kr/,2020-05-09 오전 10:46:53
666, 05.09. 00시 기준 1.3 이후 누계,광주,30,0,http://ncov.mohw.go.kr/,2020-05-09 오전 10:46:54
667, 05.09. 00시 기준 1.3 이후 누계,대전,41,0,http://ncov.mohw.go.kr/,2020-05-09 오전 10:46:56
668, 05.09. 00시 기준 1.3 이후 누계,울산,44,0,http://ncov.mohw.go.kr/,2020-05-09 오전 10:46:57
669, 05.09. 00시 기준 1.3 이후 누계,세종,46,0,http://ncov.mohw.go.kr/,2020-05-09 오전 10:46:59
670, 05.09. 00시 기준 1.3 이후 누계,경기,688,(+4),http://ncov.mohw.go.kr/,2020-05-09 오전 10:47:01
671, 05.09. 00시 기준 1.3 이후 누계,강원,53,0,http://ncov.mohw.go.kr/,2020-05-09 오전 10:47:02
672, 05.09. 00시 기준 1.3 이후 누계,충북,47,0,http://ncov.mohw.go.kr/,2020-05-09 오전 10:47:04
673, 05.09. 00시 기준 1.3 이후 누계,충남,143,0,http://ncov.mohw.go.kr/,2020-05-09 오전 10:47:05
674, 05.09. 00시 기준 1.3 이후 누계,전북,19,0,http://ncov.mohw.go.kr/,2020-05-09 오전 10:47:07
675, 05.09. 00시 기준 1.3 이후 누계,전남,16,0,http://ncov.mohw.go.kr/,2020-05-09 오전 10:47:09
676, 05.09. 00시 기준 1.3 이후 누계,경북,"1,366",0,http://ncov.mohw.go.kr/,2020-05-09 오전 10:47:10
677, 05.09. 00시 기준 1.3 이후 누계,경남,117,0,http://ncov.mohw.go.kr/,2020-05-09 오전 10:47:12
678, 5.10. 00시 기준 1.3 이후 누계,서울,663,(+14),http://ncov.mohw.go.kr/,2020-05-10 오전 10:46:46
679, 5.10. 00시 기준 1.3 이후 누계,부산,141,0,http://ncov.mohw.go.kr/,2020-05-10 오전 10:46:50
680, 5.10. 00시 기준 1.3 이후 누계,대구,"6,861",(+2),http://ncov.mohw.go.kr/,2020-05-10 오전 10:46:52
681, 5.10. 00시 기준 1.3 이후 누계,인천,101,(+3),http://ncov.mohw.go.kr/,2020-05-10 오전 10:46:54
682, 5.10. 00시 기준 1.3 이후 누계,광주,30,0,http://ncov.mohw.go.kr/,2020-05-10 오전 10:46:56
683, 5.10. 00시 기준 1.3 이후 누계,대전,41,0,http://ncov.mohw.go.kr/,2020-05-10 오전 10:46:58
684, 5.10. 00시 기준 1.3 이후 누계,울산,44,0,http://ncov.mohw.go.kr/,2020-05-10 오전 10:46:59
685, 5.10. 00시 기준 1.3 이후 누계,세종,46,0,http://ncov.mohw.go.kr/,2020-05-10 오전 10:47:01
686, 5.10. 00시 기준 1.3 이후 누계,경기,694,(+6),http://ncov.mohw.go.kr/,2020-05-10 오전 10:47:03
687, 5.10. 00시 기준 1.3 이후 누계,강원,53,0,http://ncov.mohw.go.kr/,2020-05-10 오전 10:47:05
688, 5.10. 00시 기준 1.3 이후 누계,충북,49,(+2),http://ncov.mohw.go.kr/,2020-05-10 오전 10:47:07
689, 5.10. 00시 기준 1.3 이후 누계,충남,143,0,http://ncov.mohw.go.kr/,2020-05-10 오전 10:47:08
690, 5.10. 00시 기준 1.3 이후 누계,전북,19,0,http://ncov.mohw.go.kr/,2020-05-10 오전 10:47:09
691, 5.10. 00시 기준 1.3 이후 누계,전남,16,0,http://ncov.mohw.go.kr/,2020-05-10 오전 10:47:11
692, 5.10. 00시 기준 1.3 이후 누계,경북,"1,366",0,http://ncov.mohw.go.kr/,2020-05-10 오전 10:47:13
693, 5.10. 00시 기준 1.3 이후 누계,경남,117,0,http://ncov.mohw.go.kr/,2020-05-10 오전 10:47:14
694, 05.11. 00시 기준 1.3 이후 누계,서울,683,(+20),http://ncov.mohw.go.kr/,2020-05-11 오전 10:46:47
695, 05.11. 00시 기준 1.3 이후 누계,부산,141,0,http://ncov.mohw.go.kr/,2020-05-11 오전 10:46:50
696, 05.11. 00시 기준 1.3 이후 누계,대구,"6,861",0,http://ncov.mohw.go.kr/,2020-05-11 오전 10:46:51
697, 05.11. 00시 기준 1.3 이후 누계,인천,104,(+3),http://ncov.mohw.go.kr/,2020-05-11 오전 10:46:53
698, 05.11. 00시 기준 1.3 이후 누계,광주,30,0,http://ncov.mohw.go.kr/,2020-05-11 오전 10:46:54
699, 05.11. 00시 기준 1.3 이후 누계,대전,41,0,http://ncov.mohw.go.kr/,2020-05-11 오전 10:46:56
700, 05.11. 00시 기준 1.3 이후 누계,울산,44,0,http://ncov.mohw.go.kr/,2020-05-11 오전 10:46:58
701, 05.11. 00시 기준 1.3 이후 누계,세종,47,(+1),http://ncov.mohw.go.kr/,2020-05-11 오전 10:47:00
702, 05.11. 00시 기준 1.3 이후 누계,경기,698,(+4),http://ncov.mohw.go.kr/,2020-05-11 오전 10:47:02
703, 05.11. 00시 기준 1.3 이후 누계,강원,54,(+1),http://ncov.mohw.go.kr/,2020-05-11 오전 10:47:04
704, 05.11. 00시 기준 1.3 이후 누계,충북,52,(+3),http://ncov.mohw.go.kr/,2020-05-11 오전 10:47:05
705, 05.11. 00시 기준 1.3 이후 누계,충남,143,0,http://ncov.mohw.go.kr/,2020-05-11 오전 10:47:07
706, 05.11. 00시 기준 1.3 이후 누계,전북,19,0,http://ncov.mohw.go.kr/,2020-05-11 오전 10:47:08
707, 05.11. 00시 기준 1.3 이후 누계,전남,16,0,http://ncov.mohw.go.kr/,2020-05-11 오전 10:47:10
708, 05.11. 00시 기준 1.3 이후 누계,경북,"1,366",0,http://ncov.mohw.go.kr/,2020-05-11 오전 10:47:12
709, 05.11. 00시 기준 1.3 이후 누계,경남,117,0,http://ncov.mohw.go.kr/,2020-05-11 오전 10:47:13
710, 05.12. 00시 기준 1.3 이후 누계,서울,695,(+12),http://ncov.mohw.go.kr/,2020-05-12 오전 10:46:49
711, 05.12. 00시 기준 1.3 이후 누계,부산,141,0,http://ncov.mohw.go.kr/,2020-05-12 오전 10:46:52
712, 05.12. 00시 기준 1.3 이후 누계,대구,"6,862",(+1),http://ncov.mohw.go.kr/,2020-05-12 오전 10:46:54
713, 05.12. 00시 기준 1.3 이후 누계,인천,105,(+1),http://ncov.mohw.go.kr/,2020-05-12 오전 10:46:56
714, 05.12. 00시 기준 1.3 이후 누계,광주,30,0,http://ncov.mohw.go.kr/,2020-05-12 오전 10:46:57
715, 05.12. 00시 기준 1.3 이후 누계,대전,43,(+2),http://ncov.mohw.go.kr/,2020-05-12 오전 10:46:59
716, 05.12. 00시 기준 1.3 이후 누계,울산,44,0,http://ncov.mohw.go.kr/,2020-05-12 오전 10:47:00
717, 05.12. 00시 기준 1.3 이후 누계,세종,47,0,http://ncov.mohw.go.kr/,2020-05-12 오전 10:47:01
718, 05.12. 00시 기준 1.3 이후 누계,경기,706,(+8),http://ncov.mohw.go.kr/,2020-05-12 오전 10:47:03
719, 05.12. 00시 기준 1.3 이후 누계,강원,54,0,http://ncov.mohw.go.kr/,2020-05-12 오전 10:47:05
720, 05.12. 00시 기준 1.3 이후 누계,충북,52,0,http://ncov.mohw.go.kr/,2020-05-12 오전 10:47:06
721, 05.12. 00시 기준 1.3 이후 누계,충남,143,0,http://ncov.mohw.go.kr/,2020-05-12 오전 10:47:08
722, 05.12. 00시 기준 1.3 이후 누계,전북,19,0,http://ncov.mohw.go.kr/,2020-05-12 오전 10:47:10
723, 05.12. 00시 기준 1.3 이후 누계,전남,16,0,http://ncov.mohw.go.kr/,2020-05-12 오전 10:47:11
724, 05.12. 00시 기준 1.3 이후 누계,경북,"1,367",(+1),http://ncov.mohw.go.kr/,2020-05-12 오전 10:47:13
725, 05.12. 00시 기준 1.3 이후 누계,경남,118,(+1),http://ncov.mohw.go.kr/,2020-05-12 오전 10:47:15
726, 05.13. 00시 기준 1.3 이후 누계,서울,707,(+12),http://ncov.mohw.go.kr/,2020-05-13 오전 11:04:22
727, 05.13. 00시 기준 1.3 이후 누계,부산,144,(+3),http://ncov.mohw.go.kr/,2020-05-13 오후 12:04:21
728, 05.13. 00시 기준 1.3 이후 누계,대구,"6,865",(+3),http://ncov.mohw.go.kr/,2020-05-13 오후 1:04:21
729, 05.13. 00시 기준 1.3 이후 누계,인천,107,(+2),http://ncov.mohw.go.kr/,2020-05-13 오후 1:04:23
730, 05.13. 00시 기준 1.3 이후 누계,광주,30,0,http://ncov.mohw.go.kr/,2020-05-13 오후 1:04:25
731, 05.13. 00시 기준 1.3 이후 누계,대전,43,0,http://ncov.mohw.go.kr/,2020-05-13 오후 1:04:26
732, 05.13. 00시 기준 1.3 이후 누계,울산,45,(+1),http://ncov.mohw.go.kr/,2020-05-13 오후 1:04:28
733, 05.13. 00시 기준 1.3 이후 누계,세종,47,0,http://ncov.mohw.go.kr/,2020-05-13 오후 1:04:29
734, 05.13. 00시 기준 1.3 이후 누계,경기,708,(+2),http://ncov.mohw.go.kr/,2020-05-13 오후 1:04:31
735, 05.13. 00시 기준 1.3 이후 누계,강원,54,0,http://ncov.mohw.go.kr/,2020-05-13 오후 1:04:32
736, 05.13. 00시 기준 1.3 이후 누계,충북,52,0,http://ncov.mohw.go.kr/,2020-05-13 오후 1:04:33
737, 05.13. 00시 기준 1.3 이후 누계,충남,143,0,http://ncov.mohw.go.kr/,2020-05-13 오후 1:04:35
738, 05.13. 00시 기준 1.3 이후 누계,전북,20,(+1),http://ncov.mohw.go.kr/,2020-05-13 오후 1:04:37
739, 05.13. 00시 기준 1.3 이후 누계,전남,16,0,http://ncov.mohw.go.kr/,2020-05-13 오후 1:04:38
740, 05.13. 00시 기준 1.3 이후 누계,경북,"1,367",0,http://ncov.mohw.go.kr/,2020-05-13 오후 1:04:39
741, 05.13. 00시 기준 1.3 이후 누계,경남,119,(+1),http://ncov.mohw.go.kr/,2020-05-13 오후 1:04:41
742, 5.14. 00시 기준 1.3 이후 누계,서울,711,(+4),http://ncov.mohw.go.kr/,2020-05-14 오전 11:04:23
743, 5.14. 00시 기준 1.3 이후 누계,부산,144,0,http://ncov.mohw.go.kr/,2020-05-14 오전 11:04:25
744, 5.14. 00시 기준 1.3 이후 누계,대구,"6,865",0,http://ncov.mohw.go.kr/,2020-05-14 오전 11:04:27
745, 5.14. 00시 기준 1.3 이후 누계,인천,119,(+12),http://ncov.mohw.go.kr/,2020-05-14 오전 11:04:29
746, 5.14. 00시 기준 1.3 이후 누계,광주,30,0,http://ncov.mohw.go.kr/,2020-05-14 오전 11:04:30
747, 5.14. 00시 기준 1.3 이후 누계,대전,43,0,http://ncov.mohw.go.kr/,2020-05-14 오전 11:04:32
748, 5.14. 00시 기준 1.3 이후 누계,울산,45,0,http://ncov.mohw.go.kr/,2020-05-14 오전 11:04:34
749, 5.14. 00시 기준 1.3 이후 누계,세종,47,0,http://ncov.mohw.go.kr/,2020-05-14 오전 11:04:35
750, 5.14. 00시 기준 1.3 이후 누계,경기,714,(+6),http://ncov.mohw.go.kr/,2020-05-14 오전 11:04:37
751, 5.14. 00시 기준 1.3 이후 누계,강원,55,(+1),http://ncov.mohw.go.kr/,2020-05-14 오전 11:04:39
752, 5.14. 00시 기준 1.3 이후 누계,충북,55,(+3),http://ncov.mohw.go.kr/,2020-05-14 오전 11:04:41
753, 5.14. 00시 기준 1.3 이후 누계,충남,144,(+1),http://ncov.mohw.go.kr/,2020-05-14 오전 11:04:42
754, 5.14. 00시 기준 1.3 이후 누계,전북,20,0,http://ncov.mohw.go.kr/,2020-05-14 오전 11:04:44
755, 5.14. 00시 기준 1.3 이후 누계,전남,17,(+1),http://ncov.mohw.go.kr/,2020-05-14 오전 11:04:46
756, 5.14. 00시 기준 1.3 이후 누계,경북,"1,368",(+1),http://ncov.mohw.go.kr/,2020-05-14 오전 11:04:48
757, 5.14. 00시 기준 1.3 이후 누계,경남,119,0,http://ncov.mohw.go.kr/,2020-05-14 오전 11:04:49
758, 05.15. 00시 기준 1.3 이후 누계,서울,725,(+14),http://ncov.mohw.go.kr/,2020-05-15 오후 6:04:22
759, 05.15. 00시 기준 1.3 이후 누계,부산,144,0,http://ncov.mohw.go.kr/,2020-05-15 오후 6:04:24
760, 05.15. 00시 기준 1.3 이후 누계,대구,"6,868",(+3),http://ncov.mohw.go.kr/,2020-05-15 오후 6:04:25
761, 05.15. 00시 기준 1.3 이후 누계,인천,124,(+5),http://ncov.mohw.go.kr/,2020-05-15 오후 6:04:27
762, 05.15. 00시 기준 1.3 이후 누계,광주,30,0,http://ncov.mohw.go.kr/,2020-05-15 오후 6:04:28
763, 05.15. 00시 기준 1.3 이후 누계,대전,43,0,http://ncov.mohw.go.kr/,2020-05-15 오후 6:04:30
764, 05.15. 00시 기준 1.3 이후 누계,울산,45,0,http://ncov.mohw.go.kr/,2020-05-15 오후 6:04:32
765, 05.15. 00시 기준 1.3 이후 누계,세종,47,0,http://ncov.mohw.go.kr/,2020-05-15 오후 6:04:34
766, 05.15. 00시 기준 1.3 이후 누계,경기,717,(+3),http://ncov.mohw.go.kr/,2020-05-15 오후 6:04:35
767, 05.15. 00시 기준 1.3 이후 누계,강원,55,0,http://ncov.mohw.go.kr/,2020-05-15 오후 6:04:37
768, 05.15. 00시 기준 1.3 이후 누계,충북,55,0,http://ncov.mohw.go.kr/,2020-05-15 오후 6:04:39
769, 05.15. 00시 기준 1.3 이후 누계,충남,144,0,http://ncov.mohw.go.kr/,2020-05-15 오후 6:04:41
770, 05.15. 00시 기준 1.3 이후 누계,전북,20,0,http://ncov.mohw.go.kr/,2020-05-15 오후 6:04:43
771, 05.15. 00시 기준 1.3 이후 누계,전남,18,(+1),http://ncov.mohw.go.kr/,2020-05-15 오후 6:04:44
772, 05.15. 00시 기준 1.3 이후 누계,경북,"1,368",0,http://ncov.mohw.go.kr/,2020-05-15 오후 6:04:46
773, 05.15. 00시 기준 1.3 이후 누계,경남,119,0,http://ncov.mohw.go.kr/,2020-05-15 오후 6:04:47
774, 5.16. 00시 기준 1.3 이후 누계,서울,730,(+5),http://ncov.mohw.go.kr/,2020-05-16 오전 11:04:23
775, 5.16. 00시 기준 1.3 이후 누계,부산,114,0,http://ncov.mohw.go.kr/,2020-05-16 오전 11:04:24
776, 5.16. 00시 기준 1.3 이후 누계,대구,"6,869",(+1),http://ncov.mohw.go.kr/,2020-05-16 오전 11:04:26
777, 5.16. 00시 기준 1.3 이후 누계,인천,124,0,http://ncov.mohw.go.kr/,2020-05-16 오전 11:04:28
778, 5.16. 00시 기준 1.3 이후 누계,광주,30,0,http://ncov.mohw.go.kr/,2020-05-16 오전 11:04:30
779, 5.16. 00시 기준 1.3 이후 누계,대전,43,0,http://ncov.mohw.go.kr/,2020-05-16 오전 11:04:32
780, 5.16. 00시 기준 1.3 이후 누계,울산,45,0,http://ncov.mohw.go.kr/,2020-05-16 오전 11:04:33
781, 5.16. 00시 기준 1.3 이후 누계,세종,47,0,http://ncov.mohw.go.kr/,2020-05-16 오전 11:04:35
782, 5.16. 00시 기준 1.3 이후 누계,경기,721,(+4),http://ncov.mohw.go.kr/,2020-05-16 오전 11:04:39
783, 5.16. 00시 기준 1.3 이후 누계,강원,55,0,http://ncov.mohw.go.kr/,2020-05-16 오전 11:04:40
784, 5.16. 00시 기준 1.3 이후 누계,충북,56,(+1),http://ncov.mohw.go.kr/,2020-05-16 오전 11:04:42
785, 5.16. 00시 기준 1.3 이후 누계,충남,144,0,http://ncov.mohw.go.kr/,2020-05-16 오전 11:04:44
786, 5.16. 00시 기준 1.3 이후 누계,전북,20,0,http://ncov.mohw.go.kr/,2020-05-16 오전 11:04:45
787, 5.16. 00시 기준 1.3 이후 누계,전남,18,0,http://ncov.mohw.go.kr/,2020-05-16 오전 11:04:47
788, 5.16. 00시 기준 1.3 이후 누계,경북,"1,368",0,http://ncov.mohw.go.kr/,2020-05-16 오전 11:04:49
789, 5.16. 00시 기준 1.3 이후 누계,경남,119,0,http://ncov.mohw.go.kr/,2020-05-16 오전 11:04:50
790, 05.17. 00시 기준 1.3 이후 누계,서울,735,(+5),http://ncov.mohw.go.kr/,2020-05-17 오전 11:04:24
791, 05.17. 00시 기준 1.3 이후 누계,부산,144,0,http://ncov.mohw.go.kr/,2020-05-17 오전 11:04:28
792, 05.17. 00시 기준 1.3 이후 누계,대구,"6,870",(+1),http://ncov.mohw.go.kr/,2020-05-17 오전 11:04:29
793, 05.17. 00시 기준 1.3 이후 누계,인천,124,0,http://ncov.mohw.go.kr/,2020-05-17 오전 11:04:31
794, 05.17. 00시 기준 1.3 이후 누계,광주,30,0,http://ncov.mohw.go.kr/,2020-05-17 오전 11:04:33
795, 05.17. 00시 기준 1.3 이후 누계,대전,44,(+1),http://ncov.mohw.go.kr/,2020-05-17 오전 11:04:35
796, 05.17. 00시 기준 1.3 이후 누계,울산,45,0,http://ncov.mohw.go.kr/,2020-05-17 오전 11:04:36
797, 05.17. 00시 기준 1.3 이후 누계,세종,47,0,http://ncov.mohw.go.kr/,2020-05-17 오전 11:04:39
798, 05.17. 00시 기준 1.3 이후 누계,경기,721,0,http://ncov.mohw.go.kr/,2020-05-17 오전 11:04:41
799, 05.17. 00시 기준 1.3 이후 누계,강원,55,0,http://ncov.mohw.go.kr/,2020-05-17 오전 11:04:42
800, 05.17. 00시 기준 1.3 이후 누계,충북,56,0,http://ncov.mohw.go.kr/,2020-05-17 오전 11:04:44
801, 05.17. 00시 기준 1.3 이후 누계,충남,144,0,http://ncov.mohw.go.kr/,2020-05-17 오전 11:04:46
802, 05.17. 00시 기준 1.3 이후 누계,전북,20,0,http://ncov.mohw.go.kr/,2020-05-17 오전 11:04:47
803, 05.17. 00시 기준 1.3 이후 누계,전남,18,0,http://ncov.mohw.go.kr/,2020-05-17 오전 11:04:49
804, 05.17. 00시 기준 1.3 이후 누계,경북,"1,368",0,http://ncov.mohw.go.kr/,2020-05-17 오전 11:04:51
805, 05.17. 00시 기준 1.3 이후 누계,경남,121,(+2),http://ncov.mohw.go.kr/,2020-05-17 오전 11:04:52
806, 05.18. 00시 기준 1.3 이후 누계,서울,736,(+1),http://ncov.mohw.go.kr/,2020-05-18 오후 1:04:21
807, 05.18. 00시 기준 1.3 이후 누계,부산,144,0,http://ncov.mohw.go.kr/,2020-05-18 오후 1:04:25
808, 05.18. 00시 기준 1.3 이후 누계,대구,"6,871",(+1),http://ncov.mohw.go.kr/,2020-05-18 오후 1:04:26
809, 05.18. 00시 기준 1.3 이후 누계,인천,124,0,http://ncov.mohw.go.kr/,2020-05-18 오후 1:04:28
810, 05.18. 00시 기준 1.3 이후 누계,광주,30,0,http://ncov.mohw.go.kr/,2020-05-18 오후 1:04:30
811, 05.18. 00시 기준 1.3 이후 누계,대전,44,0,http://ncov.mohw.go.kr/,2020-05-18 오후 1:04:32
812, 05.18. 00시 기준 1.3 이후 누계,울산,45,0,http://ncov.mohw.go.kr/,2020-05-18 오후 1:04:33
813, 05.18. 00시 기준 1.3 이후 누계,세종,47,0,http://ncov.mohw.go.kr/,2020-05-18 오후 1:04:35
814, 05.18. 00시 기준 1.3 이후 누계,경기,724,(+3),http://ncov.mohw.go.kr/,2020-05-18 오후 1:04:37
815, 05.18. 00시 기준 1.3 이후 누계,강원,55,0,http://ncov.mohw.go.kr/,2020-05-18 오후 1:04:39
816, 05.18. 00시 기준 1.3 이후 누계,충북,59,(+3),http://ncov.mohw.go.kr/,2020-05-18 오후 1:04:40
817, 05.18. 00시 기준 1.3 이후 누계,충남,144,0,http://ncov.mohw.go.kr/,2020-05-18 오후 1:04:42
818, 05.18. 00시 기준 1.3 이후 누계,전북,20,0,http://ncov.mohw.go.kr/,2020-05-18 오후 1:04:44
819, 05.18. 00시 기준 1.3 이후 누계,전남,18,0,http://ncov.mohw.go.kr/,2020-05-18 오후 1:04:46
820, 05.18. 00시 기준 1.3 이후 누계,경북,"1,368",0,http://ncov.mohw.go.kr/,2020-05-18 오후 1:04:48
821, 05.18. 00시 기준 1.3 이후 누계,경남,121,0,http://ncov.mohw.go.kr/,2020-05-18 오후 1:04:49
822, 05.19. 00시 기준 1.3 이후 누계,서울,742,(+6),http://ncov.mohw.go.kr/,2020-05-19 오전 11:04:26
823, 05.19. 00시 기준 1.3 이후 누계,부산,144,0,http://ncov.mohw.go.kr/,2020-05-19 오전 11:04:29
824, 05.19. 00시 기준 1.3 이후 누계,대구,"6,871",0,http://ncov.mohw.go.kr/,2020-05-19 오전 11:04:30
825, 05.19. 00시 기준 1.3 이후 누계,인천,126,(+2),http://ncov.mohw.go.kr/,2020-05-19 오전 11:04:32
826, 05.19. 00시 기준 1.3 이후 누계,광주,30,0,http://ncov.mohw.go.kr/,2020-05-19 오전 11:04:34
827, 05.19. 00시 기준 1.3 이후 누계,대전,44,0,http://ncov.mohw.go.kr/,2020-05-19 오전 11:04:36
828, 05.19. 00시 기준 1.3 이후 누계,울산,49,(+4),http://ncov.mohw.go.kr/,2020-05-19 오전 11:04:38
829, 05.19. 00시 기준 1.3 이후 누계,세종,47,0,http://ncov.mohw.go.kr/,2020-05-19 오전 11:04:39
830, 05.19. 00시 기준 1.3 이후 누계,경기,725,(+1),http://ncov.mohw.go.kr/,2020-05-19 오전 11:04:42
831, 05.19. 00시 기준 1.3 이후 누계,강원,55,0,http://ncov.mohw.go.kr/,2020-05-19 오전 11:04:43
832, 05.19. 00시 기준 1.3 이후 누계,충북,59,0,http://ncov.mohw.go.kr/,2020-05-19 오전 11:04:45
833, 05.19. 00시 기준 1.3 이후 누계,충남,144,0,http://ncov.mohw.go.kr/,2020-05-19 오전 11:04:46
834, 05.19. 00시 기준 1.3 이후 누계,전북,20,0,http://ncov.mohw.go.kr/,2020-05-19 오전 11:04:48
835, 05.19. 00시 기준 1.3 이후 누계,전남,18,0,http://ncov.mohw.go.kr/,2020-05-19 오전 11:04:50
836, 05.19. 00시 기준 1.3 이후 누계,경북,"1,368",0,http://ncov.mohw.go.kr/,2020-05-19 오전 11:04:52
837, 05.19. 00시 기준 1.3 이후 누계,경남,121,0,http://ncov.mohw.go.kr/,2020-05-19 오전 11:04:53
838, 05.20. 00시 기준 1.3 이후 누계,서울,752,(+10),http://ncov.mohw.go.kr/,2020-05-20 오전 11:04:22
839, 05.20. 00시 기준 1.3 이후 누계,부산,144,0,http://ncov.mohw.go.kr/,2020-05-20 오전 11:04:24
840, 05.20. 00시 기준 1.3 이후 누계,대구,"6,872",(+1),http://ncov.mohw.go.kr/,2020-05-20 오전 11:04:25
841, 05.20. 00시 기준 1.3 이후 누계,인천,134,(+8),http://ncov.mohw.go.kr/,2020-05-20 오전 11:04:27
842, 05.20. 00시 기준 1.3 이후 누계,광주,30,0,http://ncov.mohw.go.kr/,2020-05-20 오전 11:04:29
843, 05.20. 00시 기준 1.3 이후 누계,대전,44,0,http://ncov.mohw.go.kr/,2020-05-20 오전 11:04:31
844, 05.20. 00시 기준 1.3 이후 누계,울산,49,0,http://ncov.mohw.go.kr/,2020-05-20 오전 11:04:33
845, 05.20. 00시 기준 1.3 이후 누계,세종,47,0,http://ncov.mohw.go.kr/,2020-05-20 오전 11:04:34
846, 05.20. 00시 기준 1.3 이후 누계,경기,735,(+10),http://ncov.mohw.go.kr/,2020-05-20 오전 11:04:36
847, 05.20. 00시 기준 1.3 이후 누계,강원,55,0,http://ncov.mohw.go.kr/,2020-05-20 오전 11:04:38
848, 05.20. 00시 기준 1.3 이후 누계,충북,59,0,http://ncov.mohw.go.kr/,2020-05-20 오전 11:04:39
849, 05.20. 00시 기준 1.3 이후 누계,충남,144,0,http://ncov.mohw.go.kr/,2020-05-20 오전 11:04:41
850, 05.20. 00시 기준 1.3 이후 누계,전북,21,(+1),http://ncov.mohw.go.kr/,2020-05-20 오전 11:04:44
851, 05.20. 00시 기준 1.3 이후 누계,전남,18,0,http://ncov.mohw.go.kr/,2020-05-20 오전 11:04:45
852, 05.20. 00시 기준 1.3 이후 누계,경북,"1,368",0,http://ncov.mohw.go.kr/,2020-05-20 오전 11:04:47
853, 05.20. 00시 기준 1.3 이후 누계,경남,121,0,http://ncov.mohw.go.kr/,2020-05-20 오전 11:04:49
854, 05.21. 00시 기준 1.3 이후 누계,서울,756,(+4),http://ncov.mohw.go.kr/,2020-05-21 오전 11:04:21
855, 05.21. 00시 기준 1.3 이후 누계,부산,144,0,http://ncov.mohw.go.kr/,2020-05-21 오전 11:04:23
856, 05.21. 00시 기준 1.3 이후 누계,대구,"6,872",0,http://ncov.mohw.go.kr/,2020-05-21 오전 11:04:25
857, 05.21. 00시 기준 1.3 이후 누계,인천,140,(+6),http://ncov.mohw.go.kr/,2020-05-21 오전 11:04:26
858, 05.21. 00시 기준 1.3 이후 누계,광주,30,0,http://ncov.mohw.go.kr/,2020-05-21 오전 11:04:28
859, 05.21. 00시 기준 1.3 이후 누계,대전,44,0,http://ncov.mohw.go.kr/,2020-05-21 오전 11:04:29
860, 05.21. 00시 기준 1.3 이후 누계,울산,49,0,http://ncov.mohw.go.kr/,2020-05-21 오전 11:04:31
861, 05.21. 00시 기준 1.3 이후 누계,세종,47,0,http://ncov.mohw.go.kr/,2020-05-21 오전 11:04:33
862, 05.21. 00시 기준 1.3 이후 누계,경기,735,0,http://ncov.mohw.go.kr/,2020-05-21 오전 11:04:34
863, 05.21. 00시 기준 1.3 이후 누계,강원,55,0,http://ncov.mohw.go.kr/,2020-05-21 오전 11:04:36
864, 05.21. 00시 기준 1.3 이후 누계,충북,59,0,http://ncov.mohw.go.kr/,2020-05-21 오전 11:04:37
865, 05.21. 00시 기준 1.3 이후 누계,충남,145,(+1),http://ncov.mohw.go.kr/,2020-05-21 오전 11:04:39
866, 05.21. 00시 기준 1.3 이후 누계,전북,21,0,http://ncov.mohw.go.kr/,2020-05-21 오전 11:04:40
867, 05.21. 00시 기준 1.3 이후 누계,전남,18,0,http://ncov.mohw.go.kr/,2020-05-21 오전 11:04:42
868, 05.21. 00시 기준 1.3 이후 누계,경북,"1,368",0,http://ncov.mohw.go.kr/,2020-05-21 오전 11:04:44
869, 05.21. 00시 기준 1.3 이후 누계,경남,121,0,http://ncov.mohw.go.kr/,2020-05-21 오전 11:04:46
870, 05.22. 00시 기준 1.3 이후 누계,서울,758,(+2),http://ncov.mohw.go.kr/,2020-05-22 오전 11:04:24
871, 05.22. 00시 기준 1.3 이후 누계,부산,144,0,http://ncov.mohw.go.kr/,2020-05-22 오전 11:04:34
872, 05.22. 00시 기준 1.3 이후 누계,대구,"6,872",0,http://ncov.mohw.go.kr/,2020-05-22 오전 11:04:36
873, 05.22. 00시 기준 1.3 이후 누계,인천,141,(+1),http://ncov.mohw.go.kr/,2020-05-22 오전 11:04:37
874, 05.22. 00시 기준 1.3 이후 누계,광주,30,0,http://ncov.mohw.go.kr/,2020-05-22 오전 11:04:39
875, 05.22. 00시 기준 1.3 이후 누계,대전,44,0,http://ncov.mohw.go.kr/,2020-05-22 오전 11:04:40
876, 05.22. 00시 기준 1.3 이후 누계,울산,50,(+1),http://ncov.mohw.go.kr/,2020-05-22 오전 11:04:42
877, 05.22. 00시 기준 1.3 이후 누계,세종,47,0,http://ncov.mohw.go.kr/,2020-05-22 오전 11:04:44
878, 05.22. 00시 기준 1.3 이후 누계,경기,741,(+6),http://ncov.mohw.go.kr/,2020-05-22 오전 11:04:46
879, 05.22. 00시 기준 1.3 이후 누계,강원,55,0,http://ncov.mohw.go.kr/,2020-05-22 오전 11:04:48
880, 05.22. 00시 기준 1.3 이후 누계,충북,59,0,http://ncov.mohw.go.kr/,2020-05-22 오전 11:04:49
881, 05.22. 00시 기준 1.3 이후 누계,충남,145,0,http://ncov.mohw.go.kr/,2020-05-22 오전 11:04:51
882, 05.22. 00시 기준 1.3 이후 누계,전북,21,0,http://ncov.mohw.go.kr/,2020-05-22 오전 11:04:52
883, 05.22. 00시 기준 1.3 이후 누계,전남,18,0,http://ncov.mohw.go.kr/,2020-05-22 오전 11:04:54
884, 05.22. 00시 기준 1.3 이후 누계,경북,"1,370",(+2),http://ncov.mohw.go.kr/,2020-05-22 오전 11:04:56
885, 05.22. 00시 기준 1.3 이후 누계,경남,122,(+1),http://ncov.mohw.go.kr/,2020-05-22 오전 11:04:57
902, 05.24. 00시 기준 1.3 이후 누계,서울,768,(+6),http://ncov.mohw.go.kr/,2020-05-24 오후 6:14:16
903, 05.24. 00시 기준 1.3 이후 누계,부산,144,0,http://ncov.mohw.go.kr/,2020-05-24 오후 6:14:20
904, 05.24. 00시 기준 1.3 이후 누계,대구,"6,873",0,http://ncov.mohw.go.kr/,2020-05-24 오후 6:14:23
905, 05.24. 00시 기준 1.3 이후 누계,인천,143,(+2),http://ncov.mohw.go.kr/,2020-05-24 오후 6:14:26
906, 05.24. 00시 기준 1.3 이후 누계,광주,30,0,http://ncov.mohw.go.kr/,2020-05-24 오후 6:14:29
907, 05.24. 00시 기준 1.3 이후 누계,대전,45,0,http://ncov.mohw.go.kr/,2020-05-24 오후 6:14:32
908, 05.24. 00시 기준 1.3 이후 누계,울산,50,0,http://ncov.mohw.go.kr/,2020-05-24 오후 6:14:35
909, 05.24. 00시 기준 1.3 이후 누계,세종,47,0,http://ncov.mohw.go.kr/,2020-05-24 오후 6:14:38
910, 05.24. 00시 기준 1.3 이후 누계,경기,760,(+6),http://ncov.mohw.go.kr/,2020-05-24 오후 6:14:43
911, 05.24. 00시 기준 1.3 이후 누계,강원,56,(+1),http://ncov.mohw.go.kr/,2020-05-24 오후 6:14:46
912, 05.24. 00시 기준 1.3 이후 누계,충북,59,0,http://ncov.mohw.go.kr/,2020-05-24 오후 6:14:49
913, 05.24. 00시 기준 1.3 이후 누계,충남,145,0,http://ncov.mohw.go.kr/,2020-05-24 오후 6:14:52
914, 05.24. 00시 기준 1.3 이후 누계,전북,21,0,http://ncov.mohw.go.kr/,2020-05-24 오후 6:14:55
915, 05.24. 00시 기준 1.3 이후 누계,전남,18,0,http://ncov.mohw.go.kr/,2020-05-24 오후 6:15:01
916, 05.24. 00시 기준 1.3 이후 누계,경북,"1,376",(+6),http://ncov.mohw.go.kr/,2020-05-24 오후 6:15:03
917, 05.24. 00시 기준 1.3 이후 누계,경남,123,0,http://ncov.mohw.go.kr/,2020-05-24 오후 6:15:17
918, 05.25. 00시 기준 1.3 이후 누계,서울,774,(+6),http://ncov.mohw.go.kr/,2020-05-25 오후 1:26:02
919, 05.25. 00시 기준 1.3 이후 누계,부산,144,0,http://ncov.mohw.go.kr/,2020-05-25 오후 1:26:06
920, 05.25. 00시 기준 1.3 이후 누계,대구,"6,874",(+1),http://ncov.mohw.go.kr/,2020-05-25 오후 1:26:10
921, 05.25. 00시 기준 1.3 이후 누계,인천,144,(+1),http://ncov.mohw.go.kr/,2020-05-25 오후 1:26:12
922, 05.25. 00시 기준 1.3 이후 누계,광주,30,0,http://ncov.mohw.go.kr/,2020-05-25 오후 1:26:15
923, 05.25. 00시 기준 1.3 이후 누계,대전,45,0,http://ncov.mohw.go.kr/,2020-05-25 오후 1:26:18
924, 05.25. 00시 기준 1.3 이후 누계,울산,50,0,http://ncov.mohw.go.kr/,2020-05-25 오후 1:26:21
925, 05.25. 00시 기준 1.3 이후 누계,세종,47,0,http://ncov.mohw.go.kr/,2020-05-25 오후 1:26:23
926, 05.25. 00시 기준 1.3 이후 누계,경기,766,(+6),http://ncov.mohw.go.kr/,2020-05-25 오후 1:26:26
927, 05.25. 00시 기준 1.3 이후 누계,강원,56,0,http://ncov.mohw.go.kr/,2020-05-25 오후 1:26:28
928, 05.25. 00시 기준 1.3 이후 누계,충북,59,0,http://ncov.mohw.go.kr/,2020-05-25 오후 1:26:31
929, 05.25. 00시 기준 1.3 이후 누계,충남,145,0,http://ncov.mohw.go.kr/,2020-05-25 오후 1:26:33
930, 05.25. 00시 기준 1.3 이후 누계,전북,21,0,http://ncov.mohw.go.kr/,2020-05-25 오후 1:26:38
931, 05.25. 00시 기준 1.3 이후 누계,전남,18,0,http://ncov.mohw.go.kr/,2020-05-25 오후 1:26:41
932, 05.25. 00시 기준 1.3 이후 누계,경북,"1,377",(+1),http://ncov.mohw.go.kr/,2020-05-25 오후 1:26:44
933, 05.25. 00시 기준 1.3 이후 누계,경남,123,0,http://ncov.mohw.go.kr/,2020-05-25 오후 1:26:47
934, 05.26. 00시 기준 1.3 이후 누계,서울,783,(+9),http://ncov.mohw.go.kr/,2020-05-26 오전 11:00:11
935, 05.26. 00시 기준 1.3 이후 누계,부산,144,0,http://ncov.mohw.go.kr/,2020-05-26 오전 11:00:16
936, 05.26. 00시 기준 1.3 이후 누계,대구,"6,875",(+1),http://ncov.mohw.go.kr/,2020-05-26 오전 11:00:19
937, 05.26. 00시 기준 1.3 이후 누계,인천,147,(+3),http://ncov.mohw.go.kr/,2020-05-26 오전 11:00:21
938, 05.26. 00시 기준 1.3 이후 누계,광주,30,0,http://ncov.mohw.go.kr/,2020-05-26 오전 11:00:24
939, 05.26. 00시 기준 1.3 이후 누계,대전,45,0,http://ncov.mohw.go.kr/,2020-05-26 오전 11:00:26
940, 05.26. 00시 기준 1.3 이후 누계,울산,50,0,http://ncov.mohw.go.kr/,2020-05-26 오전 11:00:29
941, 05.26. 00시 기준 1.3 이후 누계,세종,47,0,http://ncov.mohw.go.kr/,2020-05-26 오전 11:00:32
942, 05.26. 00시 기준 1.3 이후 누계,경기,768,(+2),http://ncov.mohw.go.kr/,2020-05-26 오전 11:00:35
943, 05.26. 00시 기준 1.3 이후 누계,강원,56,0,http://ncov.mohw.go.kr/,2020-05-26 오전 11:00:37
944, 05.26. 00시 기준 1.3 이후 누계,충북,60,(+1),http://ncov.mohw.go.kr/,2020-05-26 오전 11:00:42
945, 05.26. 00시 기준 1.3 이후 누계,충남,145,0,http://ncov.mohw.go.kr/,2020-05-26 오전 11:00:47
946, 05.26. 00시 기준 1.3 이후 누계,전북,21,0,http://ncov.mohw.go.kr/,2020-05-26 오전 11:00:50
947, 05.26. 00시 기준 1.3 이후 누계,전남,18,0,http://ncov.mohw.go.kr/,2020-05-26 오전 11:00:52
948, 05.26. 00시 기준 1.3 이후 누계,경북,"1,378",(+1),http://ncov.mohw.go.kr/,2020-05-26 오전 11:00:56
949, 05.26. 00시 기준 1.3 이후 누계,경남,123,0,http://ncov.mohw.go.kr/,2020-05-26 오전 11:00:58
950, 05.27. 00시 기준 1.3 이후 누계,서울,802,(+19),http://ncov.mohw.go.kr/,2020-05-27 오전 11:00:07
951, 05.27. 00시 기준 1.3 이후 누계,부산,144,0,http://ncov.mohw.go.kr/,2020-05-27 오전 11:00:10
952, 05.27. 00시 기준 1.3 이후 누계,대구,"6,878",(+3),http://ncov.mohw.go.kr/,2020-05-27 오전 11:00:12
953, 05.27. 00시 기준 1.3 이후 누계,인천,158,(+11),http://ncov.mohw.go.kr/,2020-05-27 오전 11:00:15
954, 05.27. 00시 기준 1.3 이후 누계,광주,30,0,http://ncov.mohw.go.kr/,2020-05-27 오전 11:00:18
955, 05.27. 00시 기준 1.3 이후 누계,대전,45,0,http://ncov.mohw.go.kr/,2020-05-27 오전 11:00:21
956, 05.27. 00시 기준 1.3 이후 누계,울산,50,0,http://ncov.mohw.go.kr/,2020-05-27 오전 11:00:24
957, 05.27. 00시 기준 1.3 이후 누계,세종,47,0,http://ncov.mohw.go.kr/,2020-05-27 오전 11:00:27
958, 05.27. 00시 기준 1.3 이후 누계,경기,774,(+6),http://ncov.mohw.go.kr/,2020-05-27 오전 11:00:30
959, 05.27. 00시 기준 1.3 이후 누계,강원,56,0,http://ncov.mohw.go.kr/,2020-05-27 오전 11:00:35
960, 05.27. 00시 기준 1.3 이후 누계,충북,60,0,http://ncov.mohw.go.kr/,2020-05-27 오전 11:00:38
961, 05.27. 00시 기준 1.3 이후 누계,충남,145,0,http://ncov.mohw.go.kr/,2020-05-27 오전 11:00:41
962, 05.27. 00시 기준 1.3 이후 누계,전북,21,0,http://ncov.mohw.go.kr/,2020-05-27 오전 11:00:45
963, 05.27. 00시 기준 1.3 이후 누계,전남,18,0,http://ncov.mohw.go.kr/,2020-05-27 오전 11:00:50
964, 05.27. 00시 기준 1.3 이후 누계,경북,"1,378",0,http://ncov.mohw.go.kr/,2020-05-27 오전 11:00:52
965, 05.27. 00시 기준 1.3 이후 누계,경남,123,0,http://ncov.mohw.go.kr/,2020-05-27 오전 11:00:56
966, 05.28. 00시 기준 1.3 이후 누계,서울,826,(+24),http://ncov.mohw.go.kr/,2020-05-28 오전 11:00:08
967, 05.28. 00시 기준 1.3 이후 누계,부산,145,(+1),http://ncov.mohw.go.kr/,2020-05-28 오전 11:00:12
968, 05.28. 00시 기준 1.3 이후 누계,대구,"6,880",(+2),http://ncov.mohw.go.kr/,2020-05-28 오전 11:00:15
969, 05.28. 00시 기준 1.3 이후 누계,인천,180,(+22),http://ncov.mohw.go.kr/,2020-05-28 오전 11:00:18
970, 05.28. 00시 기준 1.3 이후 누계,광주,30,0,http://ncov.mohw.go.kr/,2020-05-28 오전 11:00:20
971, 05.28. 00시 기준 1.3 이후 누계,대전,45,0,http://ncov.mohw.go.kr/,2020-05-28 오전 11:00:23
972, 05.28. 00시 기준 1.3 이후 누계,울산,50,0,http://ncov.mohw.go.kr/,2020-05-28 오전 11:00:25
973, 05.28. 00시 기준 1.3 이후 누계,세종,47,0,http://ncov.mohw.go.kr/,2020-05-28 오전 11:00:28
974, 05.28. 00시 기준 1.3 이후 누계,경기,795,(+21),http://ncov.mohw.go.kr/,2020-05-28 오전 11:00:30
975, 05.28. 00시 기준 1.3 이후 누계,강원,56,0,http://ncov.mohw.go.kr/,2020-05-28 오전 11:00:33
976, 05.28. 00시 기준 1.3 이후 누계,충북,60,0,http://ncov.mohw.go.kr/,2020-05-28 오전 11:00:35
977, 05.28. 00시 기준 1.3 이후 누계,충남,146,(+1),http://ncov.mohw.go.kr/,2020-05-28 오전 11:00:38
978, 05.28. 00시 기준 1.3 이후 누계,전북,21,0,http://ncov.mohw.go.kr/,2020-05-28 오전 11:00:40
979, 05.28. 00시 기준 1.3 이후 누계,전남,18,0,http://ncov.mohw.go.kr/,2020-05-28 오전 11:00:43
980, 05.28. 00시 기준 1.3 이후 누계,경북,"1,379",(+1),http://ncov.mohw.go.kr/,2020-05-28 오전 11:00:46
981, 05.28. 00시 기준 1.3 이후 누계,경남,123,0,http://ncov.mohw.go.kr/,2020-05-28 오전 11:00:48
982, 05.29. 00시 기준 1.3 이후 누계,서울,846,(+20),http://ncov.mohw.go.kr/,2020-05-29 오전 11:00:06
983, 05.29. 00시 기준 1.3 이후 누계,부산,145,0,http://ncov.mohw.go.kr/,2020-05-29 오전 11:00:08
984, 05.29. 00시 기준 1.3 이후 누계,대구,"6,880",0,http://ncov.mohw.go.kr/,2020-05-29 오전 11:00:11
985, 05.29. 00시 기준 1.3 이후 누계,인천,198,(+18),http://ncov.mohw.go.kr/,2020-05-29 오전 11:00:14
986, 05.29. 00시 기준 1.3 이후 누계,광주,30,0,http://ncov.mohw.go.kr/,2020-05-29 오전 11:00:17
987, 05.29. 00시 기준 1.3 이후 누계,대전,45,0,http://ncov.mohw.go.kr/,2020-05-29 오전 11:00:19
988, 05.29. 00시 기준 1.3 이후 누계,울산,50,0,http://ncov.mohw.go.kr/,2020-05-29 오전 11:00:21
989, 05.29. 00시 기준 1.3 이후 누계,세종,47,0,http://ncov.mohw.go.kr/,2020-05-29 오전 11:00:23
990, 05.29. 00시 기준 1.3 이후 누계,경기,815,(+20),http://ncov.mohw.go.kr/,2020-05-29 오전 11:00:26
991, 05.29. 00시 기준 1.3 이후 누계,강원,56,0,http://ncov.mohw.go.kr/,2020-05-29 오전 11:00:28
992, 05.29. 00시 기준 1.3 이후 누계,충북,60,0,http://ncov.mohw.go.kr/,2020-05-29 오전 11:00:30
993, 05.29. 00시 기준 1.3 이후 누계,충남,146,0,http://ncov.mohw.go.kr/,2020-05-29 오전 11:00:33
994, 05.29. 00시 기준 1.3 이후 누계,전북,21,0,http://ncov.mohw.go.kr/,2020-05-29 오전 11:00:35
995, 05.29. 00시 기준 1.3 이후 누계,전남,18,0,http://ncov.mohw.go.kr/,2020-05-29 오전 11:00:38
996, 05.29. 00시 기준 1.3 이후 누계,경북,"1,379",0,http://ncov.mohw.go.kr/,2020-05-29 오전 11:00:40
997, 05.29. 00시 기준 1.3 이후 누계,경남,123,0,http://ncov.mohw.go.kr/,2020-05-29 오전 11:00:42
998, 5.30. 00시 기준 1.3 이후 누계,서울,855,(+9),http://ncov.mohw.go.kr/,2020-05-30 오전 11:00:06
999, 5.30. 00시 기준 1.3 이후 누계,부산,146,(+1),http://ncov.mohw.go.kr/,2020-05-30 오전 11:00:09
1000, 5.30. 00시 기준 1.3 이후 누계,대구,"6,882",(+2),http://ncov.mohw.go.kr/,2020-05-30 오전 11:00:11
1001, 5.30. 00시 기준 1.3 이후 누계,인천,203,(+5),http://ncov.mohw.go.kr/,2020-05-30 오전 11:00:15
1002, 5.30. 00시 기준 1.3 이후 누계,광주,32,(+2),http://ncov.mohw.go.kr/,2020-05-30 오전 11:00:18
1003, 5.30. 00시 기준 1.3 이후 누계,대전,45,0,http://ncov.mohw.go.kr/,2020-05-30 오전 11:00:20
1004, 5.30. 00시 기준 1.3 이후 누계,울산,50,0,http://ncov.mohw.go.kr/,2020-05-30 오전 11:00:23
1005, 5.30. 00시 기준 1.3 이후 누계,세종,47,0,http://ncov.mohw.go.kr/,2020-05-30 오전 11:00:25
1006, 5.30. 00시 기준 1.3 이후 누계,경기,828,(+13),http://ncov.mohw.go.kr/,2020-05-30 오전 11:00:28
1007, 5.30. 00시 기준 1.3 이후 누계,강원,57,(+1),http://ncov.mohw.go.kr/,2020-05-30 오전 11:00:30
1008, 5.30. 00시 기준 1.3 이후 누계,충북,60,0,http://ncov.mohw.go.kr/,2020-05-30 오전 11:00:33
1009, 5.30. 00시 기준 1.3 이후 누계,충남,146,0,http://ncov.mohw.go.kr/,2020-05-30 오전 11:00:35
1010, 5.30. 00시 기준 1.3 이후 누계,전북,21,0,http://ncov.mohw.go.kr/,2020-05-30 오전 11:00:38
1011, 5.30. 00시 기준 1.3 이후 누계,전남,19,(+1),http://ncov.mohw.go.kr/,2020-05-30 오전 11:00:40
1012, 5.30. 00시 기준 1.3 이후 누계,경북,"1,379",0,http://ncov.mohw.go.kr/,2020-05-30 오전 11:00:42
1013, 5.30. 00시 기준 1.3 이후 누계,경남,123,0,http://ncov.mohw.go.kr/,2020-05-30 오전 11:00:44
1014, 05.31. 00시 기준 1.3 이후 누계,서울,861,(+6),http://ncov.mohw.go.kr/,2020-05-31 오전 11:00:06
1015, 05.31. 00시 기준 1.3 이후 누계,부산,147,(+1),http://ncov.mohw.go.kr/,2020-05-31 오전 11:00:10
1016, 05.31. 00시 기준 1.3 이후 누계,대구,"6,883",(+1),http://ncov.mohw.go.kr/,2020-05-31 오전 11:00:13
1017, 05.31. 00시 기준 1.3 이후 누계,인천,206,(+3),http://ncov.mohw.go.kr/,2020-05-31 오전 11:00:16
1018, 05.31. 00시 기준 1.3 이후 누계,광주,32,0,http://ncov.mohw.go.kr/,2020-05-31 오전 11:00:19
1019, 05.31. 00시 기준 1.3 이후 누계,대전,46,(+1),http://ncov.mohw.go.kr/,2020-05-31 오전 11:00:21
1020, 05.31. 00시 기준 1.3 이후 누계,울산,52,(+2),http://ncov.mohw.go.kr/,2020-05-31 오전 11:00:24
1021, 05.31. 00시 기준 1.3 이후 누계,세종,47,0,http://ncov.mohw.go.kr/,2020-05-31 오전 11:00:26
1022, 05.31. 00시 기준 1.3 이후 누계,경기,840,(+12),http://ncov.mohw.go.kr/,2020-05-31 오전 11:00:29
1023, 05.31. 00시 기준 1.3 이후 누계,강원,57,0,http://ncov.mohw.go.kr/,2020-05-31 오전 11:00:31
1024, 05.31. 00시 기준 1.3 이후 누계,충북,60,0,http://ncov.mohw.go.kr/,2020-05-31 오전 11:00:34
1025, 05.31. 00시 기준 1.3 이후 누계,충남,146,0,http://ncov.mohw.go.kr/,2020-05-31 오전 11:00:36
1026, 05.31. 00시 기준 1.3 이후 누계,전북,21,0,http://ncov.mohw.go.kr/,2020-05-31 오전 11:00:39
1027, 05.31. 00시 기준 1.3 이후 누계,전남,19,0,http://ncov.mohw.go.kr/,2020-05-31 오전 11:00:42
1028, 05.31. 00시 기준 1.3 이후 누계,경북,"1,379",0,http://ncov.mohw.go.kr/,2020-05-31 오전 11:00:45
1029, 05.31. 00시 기준 1.3 이후 누계,경남,123,0,http://ncov.mohw.go.kr/,2020-05-31 오전 11:00:47
1030, 06.02. 00시 기준 1.3 이후 누계,서울,876,(+14),http://ncov.mohw.go.kr/,2020-06-02 오후 4:07:07
1031, 06.02. 00시 기준 1.3 이후 누계,부산,147,0,http://ncov.mohw.go.kr/,2020-06-02 오후 4:07:11
1032, 06.02. 00시 기준 1.3 이후 누계,대구,"6,884",0,http://ncov.mohw.go.kr/,2020-06-02 오후 4:07:14
1033, 06.02. 00시 기준 1.3 이후 누계,인천,232,(+8),http://ncov.mohw.go.kr/,2020-06-02 오후 4:07:16
1034, 06.02. 00시 기준 1.3 이후 누계,광주,32,0,http://ncov.mohw.go.kr/,2020-06-02 오후 4:07:19
1035, 06.02. 00시 기준 1.3 이후 누계,대전,46,0,http://ncov.mohw.go.kr/,2020-06-02 오후 4:07:22
1036, 06.02. 00시 기준 1.3 이후 누계,울산,52,0,http://ncov.mohw.go.kr/,2020-06-02 오후 4:07:25
1037, 06.02. 00시 기준 1.3 이후 누계,세종,47,0,http://ncov.mohw.go.kr/,2020-06-02 오후 4:07:28
1038, 06.02. 00시 기준 1.3 이후 누계,경기,867,(+15),http://ncov.mohw.go.kr/,2020-06-02 오후 4:07:31
1039, 06.02. 00시 기준 1.3 이후 누계,강원,57,0,http://ncov.mohw.go.kr/,2020-06-02 오후 4:07:33
1040, 06.02. 00시 기준 1.3 이후 누계,충북,60,0,http://ncov.mohw.go.kr/,2020-06-02 오후 4:07:36
1041, 06.02. 00시 기준 1.3 이후 누계,충남,146,0,http://ncov.mohw.go.kr/,2020-06-02 오후 4:07:38
1042, 06.02. 00시 기준 1.3 이후 누계,전북,21,0,http://ncov.mohw.go.kr/,2020-06-02 오후 4:07:41
1043, 06.02. 00시 기준 1.3 이후 누계,전남,20,0,http://ncov.mohw.go.kr/,2020-06-02 오후 4:07:43
1044, 06.02. 00시 기준 1.3 이후 누계,경북,"1,379",0,http://ncov.mohw.go.kr/,2020-06-02 오후 4:07:45
1045, 06.02. 00시 기준 1.3 이후 누계,경남,123,0,http://ncov.mohw.go.kr/,2020-06-02 오후 4:07:48
1046, 06.03. 00시 기준 1.3 이후 누계,서울,895,(+19),http://ncov.mohw.go.kr/,2020-06-03 오후 12:00:05
1047, 06.03. 00시 기준 1.3 이후 누계,부산,147,0,http://ncov.mohw.go.kr/,2020-06-03 오후 12:00:09
1048, 06.03. 00시 기준 1.3 이후 누계,대구,"6,885",(+1),http://ncov.mohw.go.kr/,2020-06-03 오후 12:00:11
1049, 06.03. 00시 기준 1.3 이후 누계,인천,249,(+17),http://ncov.mohw.go.kr/,2020-06-03 오후 12:00:14
1050, 06.03. 00시 기준 1.3 이후 누계,광주,32,0,http://ncov.mohw.go.kr/,2020-06-03 오후 12:00:16
1051, 06.03. 00시 기준 1.3 이후 누계,대전,46,0,http://ncov.mohw.go.kr/,2020-06-03 오후 12:00:19
1052, 06.03. 00시 기준 1.3 이후 누계,울산,52,0,http://ncov.mohw.go.kr/,2020-06-03 오후 12:00:22
1053, 06.03. 00시 기준 1.3 이후 누계,세종,47,0,http://ncov.mohw.go.kr/,2020-06-03 오후 12:00:26
1054, 06.03. 00시 기준 1.3 이후 누계,경기,879,(+12),http://ncov.mohw.go.kr/,2020-06-03 오후 12:00:28
1055, 06.03. 00시 기준 1.3 이후 누계,강원,57,0,http://ncov.mohw.go.kr/,2020-06-03 오후 12:00:31
1056, 06.03. 00시 기준 1.3 이후 누계,충북,60,0,http://ncov.mohw.go.kr/,2020-06-03 오후 12:00:34
1057, 06.03. 00시 기준 1.3 이후 누계,충남,146,0,http://ncov.mohw.go.kr/,2020-06-03 오후 12:00:36
1058, 06.03. 00시 기준 1.3 이후 누계,전북,21,0,http://ncov.mohw.go.kr/,2020-06-03 오후 12:00:38
1059, 06.03. 00시 기준 1.3 이후 누계,전남,20,0,http://ncov.mohw.go.kr/,2020-06-03 오후 12:00:41
1060, 06.03. 00시 기준 1.3 이후 누계,경북,"1,379",0,http://ncov.mohw.go.kr/,2020-06-03 오후 12:00:44
1061, 06.03. 00시 기준 1.3 이후 누계,경남,123,0,http://ncov.mohw.go.kr/,2020-06-03 오후 12:00:46
1062, 06.04. 00시 기준 1.3 이후 누계,서울,909,(+14),http://ncov.mohw.go.kr/,2020-06-04 오전 11:00:08
1063, 06.04. 00시 기준 1.3 이후 누계,부산,147,0,http://ncov.mohw.go.kr/,2020-06-04 오전 11:00:12
1064, 06.04. 00시 기준 1.3 이후 누계,대구,"6,885",0,http://ncov.mohw.go.kr/,2020-06-04 오전 11:00:14
1065, 06.04. 00시 기준 1.3 이후 누계,인천,256,(+7),http://ncov.mohw.go.kr/,2020-06-04 오전 11:00:16
1066, 06.04. 00시 기준 1.3 이후 누계,광주,32,0,http://ncov.mohw.go.kr/,2020-06-04 오전 11:00:19
1067, 06.04. 00시 기준 1.3 이후 누계,대전,46,0,http://ncov.mohw.go.kr/,2020-06-04 오전 11:00:23
1068, 06.04. 00시 기준 1.3 이후 누계,울산,52,0,http://ncov.mohw.go.kr/,2020-06-04 오전 11:00:25
1069, 06.04. 00시 기준 1.3 이후 누계,세종,47,0,http://ncov.mohw.go.kr/,2020-06-04 오전 11:00:27
1070, 06.04. 00시 기준 1.3 이후 누계,경기,894,(+15),http://ncov.mohw.go.kr/,2020-06-04 오전 11:00:29
1071, 06.04. 00시 기준 1.3 이후 누계,강원,57,0,http://ncov.mohw.go.kr/,2020-06-04 오전 11:00:32
1072, 06.04. 00시 기준 1.3 이후 누계,충북,60,0,http://ncov.mohw.go.kr/,2020-06-04 오전 11:00:35
1073, 06.04. 00시 기준 1.3 이후 누계,충남,146,0,http://ncov.mohw.go.kr/,2020-06-04 오전 11:00:37
1074, 06.04. 00시 기준 1.3 이후 누계,전북,21,0,http://ncov.mohw.go.kr/,2020-06-04 오전 11:00:41
1075, 06.04. 00시 기준 1.3 이후 누계,전남,20,0,http://ncov.mohw.go.kr/,2020-06-04 오전 11:00:43
1076, 06.04. 00시 기준 1.3 이후 누계,경북,"1,380",(+1),http://ncov.mohw.go.kr/,2020-06-04 오전 11:00:45
1077, 06.04. 00시 기준 1.3 이후 누계,경남,123,0,http://ncov.mohw.go.kr/,2020-06-04 오전 11:00:48
1078, 06.05. 00시 기준 1.3 이후 누계,서울,924,(+15),http://ncov.mohw.go.kr/,2020-06-05 오후 2:00:08
1079, 06.05. 00시 기준 1.3 이후 누계,부산,147,0,http://ncov.mohw.go.kr/,2020-06-05 오후 2:00:15
1080, 06.05. 00시 기준 1.3 이후 누계,대구,"6,886",(+1),http://ncov.mohw.go.kr/,2020-06-05 오후 2:00:17
1081, 06.05. 00시 기준 1.3 이후 누계,인천,262,(+6),http://ncov.mohw.go.kr/,2020-06-05 오후 2:00:19
1082, 06.05. 00시 기준 1.3 이후 누계,광주,32,0,http://ncov.mohw.go.kr/,2020-06-05 오후 2:00:22
1083, 06.05. 00시 기준 1.3 이후 누계,대전,46,0,http://ncov.mohw.go.kr/,2020-06-05 오후 2:00:24
1084, 06.05. 00시 기준 1.3 이후 누계,울산,52,0,http://ncov.mohw.go.kr/,2020-06-05 오후 2:00:26
1085, 06.05. 00시 기준 1.3 이후 누계,세종,47,0,http://ncov.mohw.go.kr/,2020-06-05 오후 2:00:28
